<?xml version="1.0" encoding="UTF-8"?>
<metadata xml:lang="en"><Esri><CreaDate>20160103</CreaDate><CreaTime>07333400</CreaTime><SyncOnce>TRUE</SyncOnce><ArcGISFormat>1.0</ArcGISFormat><ArcGISstyle>North American Profile of ISO19115 2003</ArcGISstyle><DataProperties><itemProps><itemLocation><linkage Sync="TRUE">file://\\GOMC-0105231\F$\Work\Documents and Settings\Ian Kirby\Special Projects\AG MET Maps\June 20 AG Met Maps\Total Rainfall June 13_June 20.gdb</linkage><protocol Sync="TRUE">Local Area Network</protocol></itemLocation></itemProps></DataProperties></Esri><idinfo><citation><citeinfo><onlink Sync="TRUE">\\OC1DC06\AGR\1157AGRwgp\agrcrb\Farm Production Extension\AgMet\GIS\Spatial_Data\mb_rivers</onlink></citeinfo></citation></idinfo><distInfo><distributor><distorTran><onLineSrc><linkage Sync="TRUE">file://\\OC1DC06\AGR\1157AGRwgp\agrcrb\Farm Production Extension\AgMet\GIS\Spatial_Data\mb_rivers</linkage><protocol Sync="TRUE">Local Area Network</protocol></onLineSrc></distorTran></distributor></distInfo><dataqual><lineage><procstep><procdesc Sync="TRUE">Dataset copied.</procdesc><srcused Sync="TRUE">W:\agrscr\Ag Resource\G.I.S\Mapping\Temp\Water\mb_rivers</srcused><date Sync="TRUE">20061228</date><time Sync="TRUE">12200100</time></procstep></lineage></dataqual></metadata>
