Longitude (x),Latitude (y),Station Name,Climate ID,Date/Time,Year,Month,Day,Data Quality,Max Temp (°C),Max Temp Flag,Min Temp (°C),Min Temp Flag,Mean Temp (°C),Mean Temp Flag,Heat Deg Days (°C),Heat Deg Days Flag,Cool Deg Days (°C),Cool Deg Days Flag,Total Rain (mm),Total Rain Flag,Total Snow (cm),Total Snow Flag,Total Precip (mm),Total Precip Flag,Snow on Grnd (cm),Snow on Grnd Flag,Dir of Max Gust (10s deg),Dir of Max Gust Flag,Spd of Max Gust (km/h),Spd of Max Gust Flag
-99.95,49.91,BRANDON A,5010481,2023-04-01,2023,04,01,,2.5,,-16.4,,-7.0,,25.0,,0.0,,0.0,,0.0,,0.0,,20,,19,,39,
-99.95,49.91,BRANDON A,5010481,2023-04-02,2023,04,02,,-2.3,,-7.6,,-5.0,,23.0,,0.0,,0.0,,11.6,,11.0,,16,,6,,57,
-99.95,49.91,BRANDON A,5010481,2023-04-03,2023,04,03,,-7.1,,-14.7,,-10.9,,28.9,,0.0,,0.0,,0.0,T,0.0,T,25,,6,,44,
-99.95,49.91,BRANDON A,5010481,2023-04-04,2023,04,04,,-5.4,,-13.0,,-9.2,,27.2,,0.0,,0.0,,0.0,,0.0,,25,,6,,57,
-99.95,49.91,BRANDON A,5010481,2023-04-05,2023,04,05,,-2.8,,-8.0,,-5.4,,23.4,,0.0,,0.0,,0.0,T,0.0,T,24,,35,,61,
-99.95,49.91,BRANDON A,5010481,2023-04-06,2023,04,06,,-1.5,,-13.3,,-7.4,,25.4,,0.0,,0.0,,0.0,,0.0,,24,,,M,,M
-99.95,49.91,BRANDON A,5010481,2023-04-07,2023,04,07,,-0.8,,-16.4,,-8.6,,26.6,,0.0,,0.0,,0.0,,0.0,,18,,14,,31,
-99.95,49.91,BRANDON A,5010481,2023-04-08,2023,04,08,,4.0,,-10.6,,-3.3,,21.3,,0.0,,0.0,,0.0,,0.0,,12,,15,,40,
-99.95,49.91,BRANDON A,5010481,2023-04-09,2023,04,09,,4.4,,-6.6,,-1.1,,19.1,,0.0,,0.0,,0.0,,0.0,,7,,24,,33,
-99.95,49.91,BRANDON A,5010481,2023-04-10,2023,04,10,,6.8,,-3.1,,1.9,,16.1,,0.0,,0.0,,0.0,,0.0,,3,,23,,37,
-99.95,49.91,BRANDON A,5010481,2023-04-11,2023,04,11,,14.7,,-1.4,,6.7,,11.3,,0.0,,0.0,,0.0,,0.0,,2,,13,,41,
-99.95,49.91,BRANDON A,5010481,2023-04-12,2023,04,12,,9.3,,1.3,,5.3,,12.7,,0.0,,0.0,,0.0,,0.0,,0,T,30,,46,
-99.95,49.91,BRANDON A,5010481,2023-04-13,2023,04,13,,6.4,,1.3,,3.9,,14.1,,0.0,,0.0,,0.0,,0.0,,0,T,4,,59,
-99.95,49.91,BRANDON A,5010481,2023-04-14,2023,04,14,,5.7,,1.4,,3.6,,14.4,,0.0,,0.2,,0.0,,0.2,,,,6,,55,
-99.95,49.91,BRANDON A,5010481,2023-04-15,2023,04,15,,7.6,,-1.2,,3.2,,14.8,,0.0,,0.0,,0.0,,0.0,,,,3,,49,
-99.95,49.91,BRANDON A,5010481,2023-04-16,2023,04,16,,12.2,,-3.6,,4.3,,13.7,,0.0,,0.0,,0.0,,0.0,,,,,M,,M
-99.95,49.91,BRANDON A,5010481,2023-04-17,2023,04,17,,9.4,,-3.0,,3.2,,14.8,,0.0,,0.0,,0.0,,0.0,,,,7,,38,
-99.95,49.91,BRANDON A,5010481,2023-04-18,2023,04,18,,5.5,,-3.2,,1.2,,16.8,,0.0,,0.0,,0.0,,0.0,,,,8,,58,
-99.95,49.91,BRANDON A,5010481,2023-04-19,2023,04,19,,0.7,,-1.8,,-0.6,,18.6,,0.0,,0.8,,2.0,,2.8,,0,T,7,,71,
-99.95,49.91,BRANDON A,5010481,2023-04-20,2023,04,20,,0.0,,-1.7,,-0.9,,18.9,,0.0,,0.0,,8.2,,8.0,,2,,6,,65,
-99.95,49.91,BRANDON A,5010481,2023-04-21,2023,04,21,,3.1,,-4.1,,-0.5,,18.5,,0.0,,0.0,,0.0,T,0.0,T,5,,1,,63,
-99.95,49.91,BRANDON A,5010481,2023-04-22,2023,04,22,,6.2,,-5.2,,0.5,,17.5,,0.0,,0.0,,0.0,,0.0,,0,T,34,,43,
-99.95,49.91,BRANDON A,5010481,2023-04-23,2023,04,23,,6.3,,-4.3,,1.0,,17.0,,0.0,,0.0,,0.0,,0.0,,0,T,7,,40,
-99.95,49.91,BRANDON A,5010481,2023-04-24,2023,04,24,,6.8,,-5.2,,0.8,,17.2,,0.0,,0.0,,0.0,,0.0,,,,8,,41,
-99.95,49.91,BRANDON A,5010481,2023-04-25,2023,04,25,,9.5,,-5.4,,2.1,,15.9,,0.0,,0.0,,0.0,,0.0,,,,16,,41,
-99.95,49.91,BRANDON A,5010481,2023-04-26,2023,04,26,,13.0,,-0.3,,6.4,,11.6,,0.0,,4.4,,0.0,,4.4,,,,32,,52,
-99.95,49.91,BRANDON A,5010481,2023-04-27,2023,04,27,,10.8,,-1.2,,4.8,,13.2,,0.0,,0.0,T,0.0,,0.0,T,,,7,,39,
-99.95,49.91,BRANDON A,5010481,2023-04-28,2023,04,28,,10.9,,-3.1,,3.9,,14.1,,0.0,,0.0,,0.0,,0.0,,,,,M,,M
-99.95,49.91,BRANDON A,5010481,2023-04-29,2023,04,29,,11.5,,1.5,,6.5,,11.5,,0.0,,0.9,,0.0,,0.9,,,,3,,58,
-99.95,49.91,BRANDON A,5010481,2023-04-30,2023,04,30,,13.3,,-2.3,,5.5,,12.5,,0.0,,0.0,,0.0,,0.0,,,,36,,45,
-99.95,49.91,BRANDON A,5010481,2023-05-01,2023,05,01,,12.9,,-2.8,,5.1,,12.9,,0.0,,0.0,,0.0,,0.0,,,,4,,48,
-99.95,49.91,BRANDON A,5010481,2023-05-02,2023,05,02,,20.0,,-4.3,,7.9,,10.1,,0.0,,0.0,,0.0,,0.0,,,,22,,38,
-99.95,49.91,BRANDON A,5010481,2023-05-03,2023,05,03,,22.8,,2.5,,12.7,,5.3,,0.0,,0.0,,0.0,,0.0,,,,12,,40,
-99.95,49.91,BRANDON A,5010481,2023-05-04,2023,05,04,,19.5,,5.6,,12.6,,5.4,,0.0,,0.0,,0.0,,0.0,,,,6,,41,
-99.95,49.91,BRANDON A,5010481,2023-05-05,2023,05,05,,17.1,,4.9,,11.0,,7.0,,0.0,,0.0,T,0.0,,0.0,T,,,11,,55,
-99.95,49.91,BRANDON A,5010481,2023-05-06,2023,05,06,,17.3,,4.2,,10.8,,7.2,,0.0,,0.0,T,0.0,,0.0,T,,,10,,64,
-99.36,49.91,CARBERRY CS,5010547,2023-04-01,2023,04,01,,0.9,,-16.0,,-7.5,,25.5,,0.0,,,,,,0.0,,20,,18,,39,
-99.36,49.91,CARBERRY CS,5010547,2023-04-02,2023,04,02,,-2.1,,-11.0,,-6.5,,24.5,,0.0,,,,,,6.1,,17,,34,,54,
-99.36,49.91,CARBERRY CS,5010547,2023-04-03,2023,04,03,,-7.7,,-14.2,,-11.0,,29.0,,0.0,,,,,,0.0,,23,,1,,45,
-99.36,49.91,CARBERRY CS,5010547,2023-04-04,2023,04,04,,-5.0,,-14.8,,-9.9,,27.9,,0.0,,,,,,0.0,,28,,2,,37,
-99.36,49.91,CARBERRY CS,5010547,2023-04-05,2023,04,05,,-4.7,,-9.2,,-7.0,,25.0,,0.0,,,,,,0.6,,28,,34,,58,
-99.36,49.91,CARBERRY CS,5010547,2023-04-06,2023,04,06,,-0.1,,-11.2,,-5.7,,23.7,,0.0,,,,,,0.0,,18,,33,,33,
-99.36,49.91,CARBERRY CS,5010547,2023-04-07,2023,04,07,,0.8,,-16.2,,-7.7,,25.7,,0.0,,,,,,0.0,,18,,,,,
-99.36,49.91,CARBERRY CS,5010547,2023-04-08,2023,04,08,,5.3,,-16.1,,-5.4,,23.4,,0.0,,,,,,0.0,,17,,15,,33,
-99.36,49.91,CARBERRY CS,5010547,2023-04-09,2023,04,09,,6.9,,-3.3,,1.8,,16.2,,0.0,,,,,,0.0,,13,,26,,31,
-99.36,49.91,CARBERRY CS,5010547,2023-04-10,2023,04,10,,10.6,,-2.1,,4.3,,13.7,,0.0,,,,,,0.0,,6,,24,,38,
-99.36,49.91,CARBERRY CS,5010547,2023-04-11,2023,04,11,,14.4,,-1.3,,6.6,,11.4,,0.0,,,,,,0.0,,,,26,,31,
-99.36,49.91,CARBERRY CS,5010547,2023-04-12,2023,04,12,,10.5,,2.3,,6.4,,11.6,,0.0,,,,,,0.0,,,,28,,38,
-99.36,49.91,CARBERRY CS,5010547,2023-04-13,2023,04,13,,5.8,,0.8,,3.3,,14.7,,0.0,,,,,,0.0,,,,2,,44,
-99.36,49.91,CARBERRY CS,5010547,2023-04-14,2023,04,14,,4.0,,0.5,,2.2,,15.8,,0.0,,,,,,0.0,,,,1,,41,
-99.36,49.91,CARBERRY CS,5010547,2023-04-15,2023,04,15,,5.4,,-0.8,,2.3,,15.7,,0.0,,,,,,0.0,,,,1,,39,
-99.36,49.91,CARBERRY CS,5010547,2023-04-16,2023,04,16,,10.8,,-2.9,,4.0,,14.0,,0.0,,,,,,0.0,,,,,,,
-99.36,49.91,CARBERRY CS,5010547,2023-04-17,2023,04,17,,8.3,,-2.4,,3.0,,15.0,,0.0,,,,,,0.0,,,,,,,
-99.36,49.91,CARBERRY CS,5010547,2023-04-18,2023,04,18,,6.1,,-2.2,,1.9,,16.1,,0.0,,,,,,0.0,,,,6,,44,
-99.36,49.91,CARBERRY CS,5010547,2023-04-19,2023,04,19,,0.6,,-1.3,,-0.4,,18.4,,0.0,,,,,,0.0,,,,7,,54,
-99.36,49.91,CARBERRY CS,5010547,2023-04-20,2023,04,20,,0.2,,-1.5,,-0.7,,18.7,,0.0,,,,,,6.5,,,,,,,
-99.36,49.91,CARBERRY CS,5010547,2023-04-21,2023,04,21,,1.5,,-4.9,,-1.7,,19.7,,0.0,,,,,,1.6,,11,,,M,,M
-99.36,49.91,CARBERRY CS,5010547,2023-04-22,2023,04,22,,3.9,,-8.4,,-2.3,,20.3,,0.0,,,,,,0.0,,7,,,M,,M
-99.36,49.91,CARBERRY CS,5010547,2023-04-23,2023,04,23,,5.3,,-6.1,,-0.4,,18.4,,0.0,,,,,,0.0,,2,,,M,,M
-99.36,49.91,CARBERRY CS,5010547,2023-04-24,2023,04,24,,5.6,,-3.4,,1.1,,16.9,,0.0,,,,,,0.0,,,,,M,,M
-99.36,49.91,CARBERRY CS,5010547,2023-04-25,2023,04,25,,9.1,,-5.7,,1.7,,16.3,,0.0,,,,,,0.0,,,,,M,,M
-99.36,49.91,CARBERRY CS,5010547,2023-04-26,2023,04,26,,13.2,,0.7,,6.9,,11.1,,0.0,,,,,,4.1,,,,19,,42,
-99.36,49.91,CARBERRY CS,5010547,2023-04-27,2023,04,27,,11.2,,1.1,,6.1,,11.9,,0.0,,,,,,0.0,,,,1,,35,
-99.36,49.91,CARBERRY CS,5010547,2023-04-28,2023,04,28,,12.0,,-1.9,,5.0,,13.0,,0.0,,,,,,0.0,,,,,,,
-99.36,49.91,CARBERRY CS,5010547,2023-04-29,2023,04,29,,8.5,,1.8,,5.2,,12.8,,0.0,,,,,,4.1,,,,1,,47,
-99.36,49.91,CARBERRY CS,5010547,2023-04-30,2023,04,30,,12.4,,-0.8,,5.8,,12.2,,0.0,,,,,,0.0,,,,36,,39,
-99.36,49.91,CARBERRY CS,5010547,2023-05-01,2023,05,01,,11.1,,-1.6,,4.7,,13.3,,0.0,,,,,,0.0,,,,34,,42,
-99.36,49.91,CARBERRY CS,5010547,2023-05-02,2023,05,02,,20.1,,-4.2,,7.9,,10.1,,0.0,,,,,,0.0,,,,,,,
-99.36,49.91,CARBERRY CS,5010547,2023-05-03,2023,05,03,,22.0,,4.7,,13.3,,4.7,,0.0,,,,,,0.0,,,,1,,33,
-99.36,49.91,CARBERRY CS,5010547,2023-05-04,2023,05,04,,18.6,,5.6,,12.1,,5.9,,0.0,,,,,,0.0,,,,2,,34,
-99.36,49.91,CARBERRY CS,5010547,2023-05-05,2023,05,05,,16.9,,4.9,,10.9,,7.1,,0.0,,,,,,0.0,,,,8,,46,
-99.36,49.91,CARBERRY CS,5010547,2023-05-06,2023,05,06,,17.1,,4.5,,10.8,,7.2,,0.0,,,,,,0.0,,,,9,,50,
-98.03,49.50,CARMAN U OF M CS,502I001,2023-04-01,2023,04,01,,0.1,,-17.3,,-8.6,,26.6,,0.0,,,,,,0.0,,,,18,,43,
-98.03,49.50,CARMAN U OF M CS,502I001,2023-04-02,2023,04,02,,0.2,,-8.1,,-3.9,,21.9,,0.0,,,,,,1.9,,,,35,,47,
-98.03,49.50,CARMAN U OF M CS,502I001,2023-04-03,2023,04,03,,-2.3,,-11.3,,-6.8,,24.8,,0.0,,,,,,0.0,,,,36,,43,
-98.03,49.50,CARMAN U OF M CS,502I001,2023-04-04,2023,04,04,,-3.5,,-11.8,,-7.6,,25.6,,0.0,,,,,,1.6,,,,4,,40,
-98.03,49.50,CARMAN U OF M CS,502I001,2023-04-05,2023,04,05,,-5.2,,-6.9,,-6.1,,24.1,,0.0,,,,,,5.7,,,,35,,55,
-98.03,49.50,CARMAN U OF M CS,502I001,2023-04-06,2023,04,06,,-1.0,,-15.5,,-8.2,,26.2,,0.0,,,,,,0.0,,,,33,,35,
-98.03,49.50,CARMAN U OF M CS,502I001,2023-04-07,2023,04,07,,-4.6,,-19.1,,-11.9,,29.9,,0.0,,,,,,0.0,,,,,,,
-98.03,49.50,CARMAN U OF M CS,502I001,2023-04-08,2023,04,08,,3.2,,-16.7,,-6.7,,24.7,,0.0,,,,,,0.3,,,,,,,
-98.03,49.50,CARMAN U OF M CS,502I001,2023-04-09,2023,04,09,,7.1,,-10.5,,-1.7,,19.7,,0.0,,,,,,0.0,,,,26,,40,
-98.03,49.50,CARMAN U OF M CS,502I001,2023-04-10,2023,04,10,,6.5,,-4.2,,1.2,,16.8,,0.0,,,,,,0.0,,,,27,,31,
-98.03,49.50,CARMAN U OF M CS,502I001,2023-04-11,2023,04,11,,5.1,,-0.3,,2.4,,15.6,,0.0,,,,,,0.0,,,,15,,37,
-98.03,49.50,CARMAN U OF M CS,502I001,2023-04-12,2023,04,12,,11.7,,0.3,,6.0,,12.0,,0.0,,,,,,0.0,,,,29,,32,
-98.03,49.50,CARMAN U OF M CS,502I001,2023-04-13,2023,04,13,,7.8,,1.6,,4.7,,13.3,,0.0,,,,,,2.5,,,,3,,48,
-98.03,49.50,CARMAN U OF M CS,502I001,2023-04-14,2023,04,14,,3.9,,1.1,,2.5,,15.5,,0.0,,,,,,0.0,,,,34,,33,
-98.03,49.50,CARMAN U OF M CS,502I001,2023-04-15,2023,04,15,,2.2,,0.0,,1.1,,16.9,,0.0,,,,,,0.0,,,,36,,43,
-98.03,49.50,CARMAN U OF M CS,502I001,2023-04-16,2023,04,16,,9.1,,-1.8,,3.7,,14.3,,0.0,,,,,,0.0,,,,33,,40,
-98.03,49.50,CARMAN U OF M CS,502I001,2023-04-17,2023,04,17,,8.1,,-2.8,,2.7,,15.3,,0.0,,,,,,0.0,,,,,,,
-98.03,49.50,CARMAN U OF M CS,502I001,2023-04-18,2023,04,18,,7.0,,-3.0,,2.0,,16.0,,0.0,,,,,,0.0,,,,6,,36,
-98.03,49.50,CARMAN U OF M CS,502I001,2023-04-19,2023,04,19,,3.6,,-0.8,,1.4,,16.6,,0.0,,,,,,0.7,,,,14,,50,
-98.03,49.50,CARMAN U OF M CS,502I001,2023-04-20,2023,04,20,,2.4,,-0.9,,0.8,,17.2,,0.0,,,,,,9.9,,,,5,,43,
-98.03,49.50,CARMAN U OF M CS,502I001,2023-04-21,2023,04,21,,3.4,,-1.9,,0.8,,17.2,,0.0,,,,,,0.9,,,,34,,57,
-98.03,49.50,CARMAN U OF M CS,502I001,2023-04-22,2023,04,22,,4.3,,-3.6,,0.3,,17.7,,0.0,,,,,,0.0,,,,36,,35,
-98.03,49.50,CARMAN U OF M CS,502I001,2023-04-23,2023,04,23,,4.3,,-3.4,,0.5,,17.5,,0.0,,,,,,0.0,,,,,,,
-98.03,49.50,CARMAN U OF M CS,502I001,2023-04-24,2023,04,24,,4.5,,-2.9,,0.8,,17.2,,0.0,,,,,,0.0,,,,,,,
-98.03,49.50,CARMAN U OF M CS,502I001,2023-04-25,2023,04,25,,9.1,,-4.7,,2.2,,15.8,,0.0,,,,,,0.0,,,,,,,
-98.03,49.50,CARMAN U OF M CS,502I001,2023-04-26,2023,04,26,,9.9,,-1.2,,4.4,,13.6,,0.0,,,,,,6.8,,,,16,,49,
-98.03,49.50,CARMAN U OF M CS,502I001,2023-04-27,2023,04,27,,12.4,,1.4,,6.9,,11.1,,0.0,,,,,,0.0,,,,2,,36,
-98.03,49.50,CARMAN U OF M CS,502I001,2023-04-28,2023,04,28,,12.2,,2.0,,7.1,,10.9,,0.0,,,,,,0.0,,,,,,,
-98.03,49.50,CARMAN U OF M CS,502I001,2023-04-29,2023,04,29,,11.0,,3.1,,7.1,,10.9,,0.0,,,,,,0.8,,,,35,,49,
-98.03,49.50,CARMAN U OF M CS,502I001,2023-04-30,2023,04,30,,12.8,,0.7,,6.8,,11.2,,0.0,,,,,,0.0,,,,36,,52,
-98.03,49.50,CARMAN U OF M CS,502I001,2023-05-01,2023,05,01,,11.1,,0.8,,5.9,,12.1,,0.0,,,,,,0.0,,,,32,,48,
-98.03,49.50,CARMAN U OF M CS,502I001,2023-05-02,2023,05,02,,18.6,,0.6,,9.6,,8.4,,0.0,,,,,,0.0,,,,,,,
-98.03,49.50,CARMAN U OF M CS,502I001,2023-05-03,2023,05,03,,22.2,,4.1,,13.2,,4.8,,0.0,,,,,,0.0,,,,34,,38,
-98.03,49.50,CARMAN U OF M CS,502I001,2023-05-04,2023,05,04,,19.5,,5.8,,12.6,,5.4,,0.0,,,,,,0.0,,,,34,,36,
-98.03,49.50,CARMAN U OF M CS,502I001,2023-05-05,2023,05,05,,17.9,,3.8,,10.9,,7.1,,0.0,,,,,,0.6,,,,12,,42,
-98.03,49.50,CARMAN U OF M CS,502I001,2023-05-06,2023,05,06,,16.6,,5.8,,11.2,,6.8,,0.0,,,,,,0.3,,,,9,,37,
-99.07,49.56,CYPRESS RIVER RCS,5010641,2023-04-01,2023,04,01,,-0.4,,-16.9,,-8.7,,26.7,,0.0,,,,,,0.0,,15,,19,,55,
-99.07,49.56,CYPRESS RIVER RCS,5010641,2023-04-02,2023,04,02,,-0.7,,-5.9,,-3.3,,21.3,,0.0,,,,,,13.7,,14,,36,,48,
-99.07,49.56,CYPRESS RIVER RCS,5010641,2023-04-03,2023,04,03,,-5.5,,-12.8,,-9.1,,27.1,,0.0,,,,,,0.0,,34,,1,,46,
-99.07,49.56,CYPRESS RIVER RCS,5010641,2023-04-04,2023,04,04,,-5.0,,-14.8,,-9.9,,27.9,,0.0,,,,,,0.0,,29,,4,,43,
-99.07,49.56,CYPRESS RIVER RCS,5010641,2023-04-05,2023,04,05,,-5.0,,-8.7,,-6.9,,24.9,,0.0,,,,,,0.3,,29,,35,,62,
-99.07,49.56,CYPRESS RIVER RCS,5010641,2023-04-06,2023,04,06,,-1.9,,-13.6,,-7.8,,25.8,,0.0,,,,,,0.0,,22,,35,,41,
-99.07,49.56,CYPRESS RIVER RCS,5010641,2023-04-07,2023,04,07,,-0.5,,-17.7,,-9.1,,27.1,,0.0,,,,,,0.0,,21,,,,,
-99.07,49.56,CYPRESS RIVER RCS,5010641,2023-04-08,2023,04,08,,4.4,,-6.0,,-0.8,,18.8,,0.0,,,,,,0.0,,22,,16,,40,
-99.07,49.56,CYPRESS RIVER RCS,5010641,2023-04-09,2023,04,09,,6.4,,-4.0,,1.2,,16.8,,0.0,,,,,,0.0,,19,,25,,34,
-99.07,49.56,CYPRESS RIVER RCS,5010641,2023-04-10,2023,04,10,,10.2,,-0.2,,5.0,,13.0,,0.0,,,,,,0.0,,12,,,,,
-99.07,49.56,CYPRESS RIVER RCS,5010641,2023-04-11,2023,04,11,,10.7,,0.4,,5.6,,12.4,,0.0,,,,,,0.0,,,,,,,
-99.07,49.56,CYPRESS RIVER RCS,5010641,2023-04-12,2023,04,12,,10.2,,1.0,,5.6,,12.4,,0.0,,,,,,0.0,,,,29,,32,
-99.07,49.56,CYPRESS RIVER RCS,5010641,2023-04-13,2023,04,13,,7.1,,1.3,,4.2,,13.8,,0.0,,,,,,0.0,,,,3,,49,
-99.07,49.56,CYPRESS RIVER RCS,5010641,2023-04-14,2023,04,14,,5.6,,1.1,,3.4,,14.6,,0.0,,,,,,0.0,,,,3,,36,
-99.07,49.56,CYPRESS RIVER RCS,5010641,2023-04-15,2023,04,15,,4.1,,-0.8,,1.6,,16.4,,0.0,,,,,,0.2,,,,1,,41,
-99.07,49.56,CYPRESS RIVER RCS,5010641,2023-04-16,2023,04,16,,11.1,,-3.0,,4.0,,14.0,,0.0,,,,,,0.0,,,,3,,32,
-99.07,49.56,CYPRESS RIVER RCS,5010641,2023-04-17,2023,04,17,,8.2,,-5.2,,1.5,,16.5,,0.0,,,,,,0.0,,,,,,,
-99.07,49.56,CYPRESS RIVER RCS,5010641,2023-04-18,2023,04,18,,5.7,,-3.2,,1.2,,16.8,,0.0,,,,,,0.0,,,,6,,39,
-99.07,49.56,CYPRESS RIVER RCS,5010641,2023-04-19,2023,04,19,,2.4,,-1.5,,0.5,,17.5,,0.0,,,,,,1.1,,,,9,,53,
-99.07,49.56,CYPRESS RIVER RCS,5010641,2023-04-20,2023,04,20,,1.2,,-1.3,,0.0,,18.0,,0.0,,,,,,8.5,,,,5,,43,
-99.07,49.56,CYPRESS RIVER RCS,5010641,2023-04-21,2023,04,21,,2.2,,-2.8,,-0.3,,18.3,,0.0,,,,,,0.4,,16,,2,,68,
-99.07,49.56,CYPRESS RIVER RCS,5010641,2023-04-22,2023,04,22,,4.0,,-8.0,,-2.0,,20.0,,0.0,,,,,,0.0,,10,,1,,42,
-99.07,49.56,CYPRESS RIVER RCS,5010641,2023-04-23,2023,04,23,,3.8,,-7.0,,-1.6,,19.6,,0.0,,,,,,0.0,,4,,,,,
-99.07,49.56,CYPRESS RIVER RCS,5010641,2023-04-24,2023,04,24,,4.7,,-2.5,,1.1,,16.9,,0.0,,,,,,0.0,,3,,,,,
-99.07,49.56,CYPRESS RIVER RCS,5010641,2023-04-25,2023,04,25,,8.3,,-5.2,,1.5,,16.5,,0.0,,,,,,0.0,,,,,,,
-99.07,49.56,CYPRESS RIVER RCS,5010641,2023-04-26,2023,04,26,,12.2,,0.9,,6.5,,11.5,,0.0,,,,,,3.8,,,,18,,51,
-99.07,49.56,CYPRESS RIVER RCS,5010641,2023-04-27,2023,04,27,,11.0,,0.0,,5.5,,12.5,,0.0,,,,,,0.0,,,,4,,34,
-99.07,49.56,CYPRESS RIVER RCS,5010641,2023-04-28,2023,04,28,,11.3,,0.5,,5.9,,12.1,,0.0,,,,,,0.0,,,,,,,
-99.07,49.56,CYPRESS RIVER RCS,5010641,2023-04-29,2023,04,29,,8.5,,1.8,,5.1,,12.9,,0.0,,,,,,4.9,,,,8,,50,
-99.07,49.56,CYPRESS RIVER RCS,5010641,2023-04-30,2023,04,30,,12.5,,-0.7,,5.9,,12.1,,0.0,,,,,,0.0,,,,1,,47,
-99.07,49.56,CYPRESS RIVER RCS,5010641,2023-05-01,2023,05,01,,10.9,,-0.7,,5.1,,12.9,,0.0,,,,,,0.0,,,,2,,43,
-99.07,49.56,CYPRESS RIVER RCS,5010641,2023-05-02,2023,05,02,,19.7,,-3.9,,7.9,,10.1,,0.0,,,,,,0.0,,,,,,,
-99.07,49.56,CYPRESS RIVER RCS,5010641,2023-05-03,2023,05,03,,22.2,,3.4,,12.8,,5.2,,0.0,,,,,,0.0,,,,2,,37,
-99.07,49.56,CYPRESS RIVER RCS,5010641,2023-05-04,2023,05,04,,18.6,,3.2,,10.9,,7.1,,0.0,,,,,,0.0,,,,2,,36,
-99.07,49.56,CYPRESS RIVER RCS,5010641,2023-05-05,2023,05,05,,18.2,,3.4,,10.8,,7.2,,0.0,,,,,,0.4,,,,9,,42,
-99.07,49.56,CYPRESS RIVER RCS,5010641,2023-05-06,2023,05,06,,16.8,,6.1,,11.4,,6.6,,0.0,,,,,,0.0,,,,8,,46,
-100.05,51.10,DAUPHIN,5040689,2023-04-01,2023,04,01,,3.8,,-11.8,,-4.0,,22.0,,0.0,,,,,,0.0,,,,,M,,M
-100.05,51.10,DAUPHIN,5040689,2023-04-02,2023,04,02,,-1.2,,-10.5,,-5.9,,23.9,,0.0,,,,,,0.0,,,,1,,55,
-100.05,51.10,DAUPHIN,5040689,2023-04-03,2023,04,03,,,M,,M,,M,,M,,M,,,,,,M,,,,M,,M
-100.05,51.10,DAUPHIN,5040689,2023-04-04,2023,04,04,,,M,,M,,M,,M,,M,,,,,,M,,,,M,,M
-100.05,51.10,DAUPHIN,5040689,2023-04-05,2023,04,05,,,M,,M,,M,,M,,M,,,,,,M,,,,M,,M
-100.05,51.10,DAUPHIN,5040689,2023-04-06,2023,04,06,,0.6,,-9.2,,-4.3,,22.3,,0.0,,,,,,0.0,,,,,M,,M
-100.05,51.10,DAUPHIN,5040689,2023-04-07,2023,04,07,,1.9,,-12.2,,-5.2,,23.2,,0.0,,,,,,0.0,,,,,M,,M
-100.05,51.10,DAUPHIN,5040689,2023-04-08,2023,04,08,,7.8,,-11.6,,-1.9,,19.9,,0.0,,,,,,0.0,,,,20,,52,
-100.05,51.10,DAUPHIN,5040689,2023-04-09,2023,04,09,,8.1,,-3.3,,2.4,,15.6,,0.0,,,,,,0.0,,,,29,,42,
-100.05,51.10,DAUPHIN,5040689,2023-04-10,2023,04,10,,13.5,,0.8,,7.2,,10.8,,0.0,,,,,,0.0,,,,28,,68,
-100.05,51.10,DAUPHIN,5040689,2023-04-11,2023,04,11,,15.9,,0.8,,8.4,,9.6,,0.0,,,,,,0.0,,,,11,,37,
-100.05,51.10,DAUPHIN,5040689,2023-04-12,2023,04,12,,9.6,,1.1,,5.4,,12.6,,0.0,,,,,,0.0,,,,26,,59,
-100.05,51.10,DAUPHIN,5040689,2023-04-13,2023,04,13,,8.2,,-1.2,,3.5,,14.5,,0.0,,,,,,0.6,,,,7,,33,
-100.05,51.10,DAUPHIN,5040689,2023-04-14,2023,04,14,,3.2,,0.6,,1.9,,16.1,,0.0,,,,,,4.9,,,,1,,45,
-100.05,51.10,DAUPHIN,5040689,2023-04-15,2023,04,15,,6.7,,-2.9,,1.9,,16.1,,0.0,,,,,,0.0,,,,1,,35,
-100.05,51.10,DAUPHIN,5040689,2023-04-16,2023,04,16,,11.6,,-3.8,,3.9,,14.1,,0.0,,,,,,0.0,,,,,M,,M
-100.05,51.10,DAUPHIN,5040689,2023-04-17,2023,04,17,,9.2,,-4.0,,2.6,,15.4,,0.0,,,,,,0.0,,,,6,,39,
-100.05,51.10,DAUPHIN,5040689,2023-04-18,2023,04,18,,6.0,,-4.0,,1.0,,17.0,,0.0,,,,,,0.0,,,,9,,41,
-100.05,51.10,DAUPHIN,5040689,2023-04-19,2023,04,19,,0.0,,-2.5,,-1.3,,19.3,,0.0,,,,,,0.0,,,,8,,50,
-100.05,51.10,DAUPHIN,5040689,2023-04-20,2023,04,20,,0.6,,-1.5,,-0.5,,18.5,,0.0,,,,,,2.1,,,,8,,52,
-100.05,51.10,DAUPHIN,5040689,2023-04-21,2023,04,21,,2.7,,-5.7,,-1.5,,19.5,,0.0,,,,,,0.4,,,,1,,55,
-100.05,51.10,DAUPHIN,5040689,2023-04-22,2023,04,22,,4.9,,-8.8,,-2.0,,20.0,,0.0,,,,,,0.0,,,,,M,,M
-100.05,51.10,DAUPHIN,5040689,2023-04-23,2023,04,23,,5.5,,-5.6,,-0.1,,18.1,,0.0,,,,,,0.0,,,,,M,,M
-100.05,51.10,DAUPHIN,5040689,2023-04-24,2023,04,24,,7.1,,-5.6,,0.8,,17.2,,0.0,,,,,,0.0,,,,,M,,M
-100.05,51.10,DAUPHIN,5040689,2023-04-25,2023,04,25,,10.9,,-4.5,,3.2,,14.8,,0.0,,,,,,0.0,,,,,M,,M
-100.05,51.10,DAUPHIN,5040689,2023-04-26,2023,04,26,,14.0,,-0.4,,6.8,,11.2,,0.0,,,,,,1.8,,,,29,,52,
-100.05,51.10,DAUPHIN,5040689,2023-04-27,2023,04,27,,7.5,,-1.3,,3.1,,14.9,,0.0,,,,,,0.0,,,,3,,39,
-100.05,51.10,DAUPHIN,5040689,2023-04-28,2023,04,28,,12.4,,-1.0,,5.7,,12.3,,0.0,,,,,,0.2,,,,,M,,M
-100.05,51.10,DAUPHIN,5040689,2023-04-29,2023,04,29,,9.4,,0.5,,5.0,,13.0,,0.0,,,,,,0.7,,,,35,,50,
-100.05,51.10,DAUPHIN,5040689,2023-04-30,2023,04,30,,12.6,,-1.6,,5.5,,12.5,,0.0,,,,,,0.0,,,,2,,41,
-100.05,51.10,DAUPHIN,5040689,2023-05-01,2023,05,01,,11.8,,-3.3,,4.3,,13.7,,0.0,,,,,,0.0,,,,2,,37,
-100.05,51.10,DAUPHIN,5040689,2023-05-02,2023,05,02,,22.9,,-4.2,,9.4,,8.6,,0.0,,,,,,0.0,,,,22,,35,
-100.05,51.10,DAUPHIN,5040689,2023-05-03,2023,05,03,,22.3,,4.3,,13.3,,4.7,,0.0,,,,,,0.0,,,,5,,35,
-100.05,51.10,DAUPHIN,5040689,2023-05-04,2023,05,04,,17.5,,0.0,,8.8,,9.2,,0.0,,,,,,0.0,,,,7,,37,
-100.05,51.10,DAUPHIN,5040689,2023-05-05,2023,05,05,,18.5,,1.2,,9.9,,8.1,,0.0,,,,,,0.0,,,,9,,50,
-100.05,51.10,DAUPHIN,5040689,2023-05-06,2023,05,06,,17.4,,1.2,,9.3,,8.7,,0.0,,,,,,0.0,,,,7,,54,
-98.32,49.40,DEERWOOD RCS,5020725,2023-04-01,2023,04,01,,0.2,,-12.7,,-6.2,,24.2,,0.0,,,,,,0.0,,26,,23,,51,
-98.32,49.40,DEERWOOD RCS,5020725,2023-04-02,2023,04,02,,-0.2,,-6.3,,-3.3,,21.3,,0.0,,,,,,2.5,,26,,35,,46,
-98.32,49.40,DEERWOOD RCS,5020725,2023-04-03,2023,04,03,,-3.8,,-12.4,,-8.1,,26.1,,0.0,,,,,,0.2,,27,,34,,46,
-98.32,49.40,DEERWOOD RCS,5020725,2023-04-04,2023,04,04,,-4.6,,-12.2,,-8.4,,26.4,,0.0,,,,,,2.0,,28,,2,,39,
-98.32,49.40,DEERWOOD RCS,5020725,2023-04-05,2023,04,05,,-5.7,,-7.7,,-6.7,,24.7,,0.0,,,,,,4.5,,28,,33,,63,
-98.32,49.40,DEERWOOD RCS,5020725,2023-04-06,2023,04,06,,-2.0,,-14.0,,-8.0,,26.0,,0.0,,,,,,0.0,,34,,33,,42,
-98.32,49.40,DEERWOOD RCS,5020725,2023-04-07,2023,04,07,,-3.6,,-17.1,,-10.3,,28.3,,0.0,,,,,,0.0,,33,,,,,
-98.32,49.40,DEERWOOD RCS,5020725,2023-04-08,2023,04,08,,2.6,,-12.5,,-5.0,,23.0,,0.0,,,,,,0.0,,42,,,,,
-98.32,49.40,DEERWOOD RCS,5020725,2023-04-09,2023,04,09,,7.8,,-2.6,,2.6,,15.4,,0.0,,,,,,0.0,,32,,24,,51,
-98.32,49.40,DEERWOOD RCS,5020725,2023-04-10,2023,04,10,,7.6,,3.4,,5.5,,12.5,,0.0,,,,,,0.0,,19,,23,,53,
-98.32,49.40,DEERWOOD RCS,5020725,2023-04-11,2023,04,11,,12.4,,0.7,,6.6,,11.4,,0.0,,,,,,0.0,,3,,25,,40,
-98.32,49.40,DEERWOOD RCS,5020725,2023-04-12,2023,04,12,,11.8,,4.5,,8.2,,9.8,,0.0,,,,,,0.0,,1,,29,,38,
-98.32,49.40,DEERWOOD RCS,5020725,2023-04-13,2023,04,13,,11.1,,1.5,,6.3,,11.7,,0.0,,,,,,4.3,,1,,2,,49,
-98.32,49.40,DEERWOOD RCS,5020725,2023-04-14,2023,04,14,,3.4,,0.9,,2.2,,15.8,,0.0,,,,,,0.0,,1,,33,,39,
-98.32,49.40,DEERWOOD RCS,5020725,2023-04-15,2023,04,15,,1.9,,-0.5,,0.7,,17.3,,0.0,,,,,,0.0,,1,,34,,52,
-98.32,49.40,DEERWOOD RCS,5020725,2023-04-16,2023,04,16,,8.5,,-1.6,,3.4,,14.6,,0.0,,,,,,0.0,,1,,36,,46,
-98.32,49.40,DEERWOOD RCS,5020725,2023-04-17,2023,04,17,,7.7,,-2.6,,2.5,,15.5,,0.0,,,,,,0.0,,1,,,,,
-98.32,49.40,DEERWOOD RCS,5020725,2023-04-18,2023,04,18,,6.2,,-4.2,,1.0,,17.0,,0.0,,,,,,0.0,,1,,10,,34,
-98.32,49.40,DEERWOOD RCS,5020725,2023-04-19,2023,04,19,,2.8,,-1.3,,0.8,,17.2,,0.0,,,,,,1.9,,1,,12,,53,
-98.32,49.40,DEERWOOD RCS,5020725,2023-04-20,2023,04,20,,1.4,,-1.4,,0.0,,18.0,,0.0,,,,,,9.7,,3,,4,,49,
-98.32,49.40,DEERWOOD RCS,5020725,2023-04-21,2023,04,21,,1.9,,-2.4,,-0.2,,18.2,,0.0,,,,,,0.7,,13,,34,,72,
-98.32,49.40,DEERWOOD RCS,5020725,2023-04-22,2023,04,22,,2.2,,-4.6,,-1.2,,19.2,,0.0,,,,,,0.0,,11,,33,,40,
-98.32,49.40,DEERWOOD RCS,5020725,2023-04-23,2023,04,23,,2.5,,-7.0,,-2.3,,20.3,,0.0,,,,,,0.0,,8,,,,,
-98.32,49.40,DEERWOOD RCS,5020725,2023-04-24,2023,04,24,,3.3,,-4.3,,-0.5,,18.5,,0.0,,,,,,0.0,,6,,,,,
-98.32,49.40,DEERWOOD RCS,5020725,2023-04-25,2023,04,25,,7.1,,-5.9,,0.6,,17.4,,0.0,,,,,,0.0,,4,,,,,
-98.32,49.40,DEERWOOD RCS,5020725,2023-04-26,2023,04,26,,10.3,,1.3,,5.8,,12.2,,0.0,,,,,,3.0,,1,,17,,44,
-98.32,49.40,DEERWOOD RCS,5020725,2023-04-27,2023,04,27,,11.4,,1.3,,6.3,,11.7,,0.0,,,,,,0.0,,1,,35,,35,
-98.32,49.40,DEERWOOD RCS,5020725,2023-04-28,2023,04,28,,12.2,,0.3,,6.2,,11.8,,0.0,,,,,,0.3,,1,,,,,
-98.32,49.40,DEERWOOD RCS,5020725,2023-04-29,2023,04,29,,8.4,,2.4,,5.4,,12.6,,0.0,,,,,,3.0,,1,,34,,47,
-98.32,49.40,DEERWOOD RCS,5020725,2023-04-30,2023,04,30,,12.2,,1.1,,6.7,,11.3,,0.0,,,,,,0.0,,1,,33,,55,
-98.32,49.40,DEERWOOD RCS,5020725,2023-05-01,2023,05,01,,10.7,,1.5,,6.1,,11.9,,0.0,,,,,,0.0,,,,36,,51,
-98.32,49.40,DEERWOOD RCS,5020725,2023-05-02,2023,05,02,,18.3,,0.9,,9.6,,8.4,,0.0,,,,,,0.0,,,,,,,
-98.32,49.40,DEERWOOD RCS,5020725,2023-05-03,2023,05,03,,22.4,,7.5,,15.0,,3.0,,0.0,,,,,,0.0,,,,27,,44,
-98.32,49.40,DEERWOOD RCS,5020725,2023-05-04,2023,05,04,,19.1,,5.7,,12.4,,5.6,,0.0,,,,,,0.0,,,,3,,43,
-98.32,49.40,DEERWOOD RCS,5020725,2023-05-05,2023,05,05,,18.2,,1.3,,9.7,,8.3,,0.0,,,,,,0.0,,,,6,,42,
-98.32,49.40,DEERWOOD RCS,5020725,2023-05-06,2023,05,06,,15.6,,4.0,,9.8,,8.2,,0.0,,,,,,0.2,,,,6,,37,
-97.24,49.00,EMERSON AUTO,5020881,2023-04-01,2023,04,01,,-1.0,,-19.2,,-10.1,,28.1,,0.0,,,,,,0.0,,49,,17,,45,
-97.24,49.00,EMERSON AUTO,5020881,2023-04-02,2023,04,02,,2.2,,-5.8,,-1.8,,19.8,,0.0,,,,,,0.0,,49,,17,,43,
-97.24,49.00,EMERSON AUTO,5020881,2023-04-03,2023,04,03,,-0.1,,-8.6,,-4.4,,22.4,,0.0,,,,,,0.5,,50,,36,,45,
-97.24,49.00,EMERSON AUTO,5020881,2023-04-04,2023,04,04,,-3.4,,-9.1,,-6.2,,24.2,,0.0,,,,,,1.7,,49,,3,,49,
-97.24,49.00,EMERSON AUTO,5020881,2023-04-05,2023,04,05,,-5.0,,-7.3,,-6.1,,24.1,,0.0,,,,,,3.6,,65,,32,,49,
-97.24,49.00,EMERSON AUTO,5020881,2023-04-06,2023,04,06,,-3.8,,-14.5,,-9.1,,27.1,,0.0,,,,,,0.2,,62,,32,,44,
-97.24,49.00,EMERSON AUTO,5020881,2023-04-07,2023,04,07,,-0.6,,-17.9,,-9.3,,27.3,,0.0,,,,,,0.0,,60,,,,,
-97.24,49.00,EMERSON AUTO,5020881,2023-04-08,2023,04,08,,6.2,,-11.4,,-2.6,,20.6,,0.0,,,,,,0.0,,60,,,,,
-97.24,49.00,EMERSON AUTO,5020881,2023-04-09,2023,04,09,,5.7,,-8.2,,-1.3,,19.3,,0.0,,,,,,0.0,,57,,18,,35,
-97.24,49.00,EMERSON AUTO,5020881,2023-04-10,2023,04,10,,6.0,,-2.8,,1.6,,16.4,,0.0,,,,,,0.0,,50,,17,,38,
-97.24,49.00,EMERSON AUTO,5020881,2023-04-11,2023,04,11,,6.0,,0.3,,3.2,,14.8,,0.0,,,,,,0.0,,45,,16,,41,
-97.24,49.00,EMERSON AUTO,5020881,2023-04-12,2023,04,12,,8.1,,-0.3,,3.9,,14.1,,0.0,,,,,,0.4,,36,,,,,
-97.24,49.00,EMERSON AUTO,5020881,2023-04-13,2023,04,13,,9.0,,0.7,,4.9,,13.1,,0.0,,,,,,0.0,,30,,3,,37,
-97.24,49.00,EMERSON AUTO,5020881,2023-04-14,2023,04,14,,4.8,,1.4,,3.1,,14.9,,0.0,,,,,,7.3,,24,,33,,35,
-97.24,49.00,EMERSON AUTO,5020881,2023-04-15,2023,04,15,,1.5,,0.0,,0.7,,17.3,,0.0,,,,,,0.0,,20,,35,,48,
-97.24,49.00,EMERSON AUTO,5020881,2023-04-16,2023,04,16,,8.0,,-0.8,,3.6,,14.4,,0.0,,,,,,0.0,,19,,35,,55,
-97.24,49.00,EMERSON AUTO,5020881,2023-04-17,2023,04,17,,7.2,,-1.6,,2.8,,15.2,,0.0,,,,,,0.0,,5,,35,,35,
-97.24,49.00,EMERSON AUTO,5020881,2023-04-18,2023,04,18,,9.2,,-1.8,,3.7,,14.3,,0.0,,,,,,0.0,,1,,9,,34,
-97.24,49.00,EMERSON AUTO,5020881,2023-04-19,2023,04,19,,5.8,,-0.7,,2.5,,15.5,,0.0,,,,,,0.6,,,,10,,49,
-97.24,49.00,EMERSON AUTO,5020881,2023-04-20,2023,04,20,,3.3,,-1.1,,1.1,,16.9,,0.0,,,,,,4.6,,,,2,,45,
-97.24,49.00,EMERSON AUTO,5020881,2023-04-21,2023,04,21,,3.0,,-1.9,,0.6,,17.4,,0.0,,,,,,0.9,,4,,1,,56,
-97.24,49.00,EMERSON AUTO,5020881,2023-04-22,2023,04,22,,3.6,,-2.3,,0.7,,17.3,,0.0,,,,,,0.0,,3,,34,,36,
-97.24,49.00,EMERSON AUTO,5020881,2023-04-23,2023,04,23,,4.3,,-2.9,,0.7,,17.3,,0.0,,,,,,0.0,,0,,32,,32,
-97.24,49.00,EMERSON AUTO,5020881,2023-04-24,2023,04,24,,5.0,,-0.8,,2.1,,15.9,,0.0,,,,,,0.0,,,,,,,
-97.24,49.00,EMERSON AUTO,5020881,2023-04-25,2023,04,25,,9.4,,-2.8,,3.3,,14.7,,0.0,,,,,,0.0,,,,,,,
-97.24,49.00,EMERSON AUTO,5020881,2023-04-26,2023,04,26,,7.6,,1.1,,4.4,,13.6,,0.0,,,,,,4.0,,,,18,,53,
-97.24,49.00,EMERSON AUTO,5020881,2023-04-27,2023,04,27,,11.8,,1.5,,6.6,,11.4,,0.0,,,,,,0.2,,0,,34,,38,
-97.24,49.00,EMERSON AUTO,5020881,2023-04-28,2023,04,28,,11.7,,1.0,,6.3,,11.7,,0.0,,,,,,0.0,,0,,,,,
-97.24,49.00,EMERSON AUTO,5020881,2023-04-29,2023,04,29,,10.5,,2.8,,6.7,,11.3,,0.0,,,,,,3.7,,0,,34,,61,
-97.24,49.00,EMERSON AUTO,5020881,2023-04-30,2023,04,30,,12.2,,0.4,,6.3,,11.7,,0.0,,,,,,0.0,,0,,34,,55,
-97.24,49.00,EMERSON AUTO,5020881,2023-05-01,2023,05,01,,11.4,,0.2,,5.8,,12.2,,0.0,,,,,,0.0,,,,35,,59,
-97.24,49.00,EMERSON AUTO,5020881,2023-05-02,2023,05,02,,16.3,,-0.4,,8.0,,10.0,,0.0,,,,,,0.0,,,,,,,
-97.24,49.00,EMERSON AUTO,5020881,2023-05-03,2023,05,03,,22.5,,4.8,,13.7,,4.3,,0.0,,,,,,0.6,,,,33,,40,
-97.24,49.00,EMERSON AUTO,5020881,2023-05-04,2023,05,04,,20.0,,2.4,,11.2,,6.8,,0.0,,,,,,0.0,,,,36,,39,
-97.24,49.00,EMERSON AUTO,5020881,2023-05-05,2023,05,05,,19.6,,6.4,,13.0,,5.0,,0.0,,,,,,0.0,,,,7,,39,
-97.24,49.00,EMERSON AUTO,5020881,2023-05-06,2023,05,06,,16.4,,5.9,,11.1,,6.9,,0.0,,,,,,0.0,,,,8,,36,
-97.55,51.08,FISHER BRANCH (AUT),50309J6,2023-04-01,2023,04,01,,1.8,,-11.9,,-5.1,,23.1,,0.0,,,,,,0.0,,,,17,,35,
-97.55,51.08,FISHER BRANCH (AUT),50309J6,2023-04-02,2023,04,02,,1.5,,-8.1,,-3.3,,21.3,,0.0,,,,,,0.0,,,,4,,47,
-97.55,51.08,FISHER BRANCH (AUT),50309J6,2023-04-03,2023,04,03,,-4.3,,-14.2,,-9.2,,27.2,,0.0,,,,,,0.0,,,,,,,
-97.55,51.08,FISHER BRANCH (AUT),50309J6,2023-04-04,2023,04,04,,-1.1,,-17.7,,-9.4,,27.4,,0.0,,,,,,0.0,,,,,,,
-97.55,51.08,FISHER BRANCH (AUT),50309J6,2023-04-05,2023,04,05,,-4.5,,-7.8,,-6.1,,24.1,,0.0,,,,,,13.8,,,,36,,46,
-97.55,51.08,FISHER BRANCH (AUT),50309J6,2023-04-06,2023,04,06,,1.4,,-10.3,,-4.5,,22.5,,0.0,,,,,,0.0,,,,35,,35,
-97.55,51.08,FISHER BRANCH (AUT),50309J6,2023-04-07,2023,04,07,,0.4,,-15.2,,-7.4,,25.4,,0.0,,,,,,0.0,,,,,,,
-97.55,51.08,FISHER BRANCH (AUT),50309J6,2023-04-08,2023,04,08,,7.2,,-10.7,,-1.8,,19.8,,0.0,,,,,,0.0,,,,17,,34,
-97.55,51.08,FISHER BRANCH (AUT),50309J6,2023-04-09,2023,04,09,,9.3,,-3.6,,2.9,,15.1,,0.0,,,,,,0.0,,,,,,,
-97.55,51.08,FISHER BRANCH (AUT),50309J6,2023-04-10,2023,04,10,,11.4,,-1.7,,4.9,,13.1,,0.0,,,,,,0.0,,,,22,,33,
-97.55,51.08,FISHER BRANCH (AUT),50309J6,2023-04-11,2023,04,11,,15.1,,0.1,,7.6,,10.4,,0.0,,,,,,0.2,,,,14,,31,
-97.55,51.08,FISHER BRANCH (AUT),50309J6,2023-04-12,2023,04,12,,13.1,,0.0,,6.6,,11.4,,0.0,,,,,,0.0,,,,29,,36,
-97.55,51.08,FISHER BRANCH (AUT),50309J6,2023-04-13,2023,04,13,,8.9,,-1.8,,3.6,,14.4,,0.0,,,,,,0.0,,,,5,,43,
-97.55,51.08,FISHER BRANCH (AUT),50309J6,2023-04-14,2023,04,14,,4.1,,0.0,,2.1,,15.9,,0.0,,,,,,0.9,,,,5,,39,
-97.55,51.08,FISHER BRANCH (AUT),50309J6,2023-04-15,2023,04,15,,4.2,,-1.9,,1.1,,16.9,,0.0,,,,,,0.0,,,,1,,36,
-97.55,51.08,FISHER BRANCH (AUT),50309J6,2023-04-16,2023,04,16,,9.4,,-3.4,,3.0,,15.0,,0.0,,,,,,0.0,,,,35,,34,
-97.55,51.08,FISHER BRANCH (AUT),50309J6,2023-04-17,2023,04,17,,7.6,,-4.9,,1.4,,16.6,,0.0,,,,,,0.0,,,,,,,
-97.55,51.08,FISHER BRANCH (AUT),50309J6,2023-04-18,2023,04,18,,7.4,,-4.4,,1.5,,16.5,,0.0,,,,,,0.0,,,,,,,
-97.55,51.08,FISHER BRANCH (AUT),50309J6,2023-04-19,2023,04,19,,3.3,,-2.8,,0.3,,17.7,,0.0,,,,,,1.0,,,,7,,58,
-97.55,51.08,FISHER BRANCH (AUT),50309J6,2023-04-20,2023,04,20,,5.1,,-0.7,,2.2,,15.8,,0.0,,,,,,1.5,,,,7,,50,
-97.55,51.08,FISHER BRANCH (AUT),50309J6,2023-04-21,2023,04,21,,6.9,,-1.4,,2.7,,15.3,,0.0,,,,,,0.0,,,,36,,58,
-97.55,51.08,FISHER BRANCH (AUT),50309J6,2023-04-22,2023,04,22,,5.1,,-6.1,,-0.5,,18.5,,0.0,,,,,,0.0,,,,35,,32,
-97.55,51.08,FISHER BRANCH (AUT),50309J6,2023-04-23,2023,04,23,,3.8,,-3.7,,0.1,,17.9,,0.0,,,,,,0.0,,,,34,,33,
-97.55,51.08,FISHER BRANCH (AUT),50309J6,2023-04-24,2023,04,24,,5.1,,-3.9,,0.6,,17.4,,0.0,,,,,,0.0,,,,4,,37,
-97.55,51.08,FISHER BRANCH (AUT),50309J6,2023-04-25,2023,04,25,,10.9,,-5.9,,2.5,,15.5,,0.0,,,,,,0.0,,,,,,,
-97.55,51.08,FISHER BRANCH (AUT),50309J6,2023-04-26,2023,04,26,,10.0,,-0.8,,4.6,,13.4,,0.0,,,,,,7.9,,,,18,,60,
-97.55,51.08,FISHER BRANCH (AUT),50309J6,2023-04-27,2023,04,27,,7.6,,0.4,,4.0,,14.0,,0.0,,,,,,0.4,,,,,,,
-97.55,51.08,FISHER BRANCH (AUT),50309J6,2023-04-28,2023,04,28,,12.7,,-1.3,,5.7,,12.3,,0.0,,,,,,0.0,,,,,,,
-97.55,51.08,FISHER BRANCH (AUT),50309J6,2023-04-29,2023,04,29,,12.4,,1.6,,7.0,,11.0,,0.0,,,,,,0.0,,,,4,,36,
-97.55,51.08,FISHER BRANCH (AUT),50309J6,2023-04-30,2023,04,30,,12.8,,-1.2,,5.8,,12.2,,0.0,,,,,,0.0,,,,35,,45,
-97.55,51.08,FISHER BRANCH (AUT),50309J6,2023-05-01,2023,05,01,,11.3,,-0.2,,5.6,,12.4,,0.0,,,,,,0.2,,,,34,,45,
-97.55,51.08,FISHER BRANCH (AUT),50309J6,2023-05-02,2023,05,02,,18.8,,-2.9,,8.0,,10.0,,0.0,,,,,,0.7,,,,,,,
-97.55,51.08,FISHER BRANCH (AUT),50309J6,2023-05-03,2023,05,03,,21.2,,5.3,,13.3,,4.7,,0.0,,,,,,0.0,,,,34,,47,
-97.55,51.08,FISHER BRANCH (AUT),50309J6,2023-05-04,2023,05,04,,18.8,,2.1,,10.4,,7.6,,0.0,,,,,,0.0,,,,36,,33,
-97.55,51.08,FISHER BRANCH (AUT),50309J6,2023-05-05,2023,05,05,,18.8,,6.2,,12.5,,5.5,,0.0,,,,,,0.0,,,,9,,50,
-97.55,51.08,FISHER BRANCH (AUT),50309J6,2023-05-06,2023,05,06,,20.0,,5.4,,12.7,,5.3,,0.0,,,,,,0.2,,,,6,,49,
-97.56,49.03,GRETNA (AUT),5021220,2023-04-01,2023,04,01,,-1.2,,-15.6,,-8.4,,26.4,,0.0,,,,,,0.0,,28,,17,,40,
-97.56,49.03,GRETNA (AUT),5021220,2023-04-02,2023,04,02,,1.9,,-6.6,,-2.3,,20.3,,0.0,,,,,,2.5,,28,,36,,50,
-97.56,49.03,GRETNA (AUT),5021220,2023-04-03,2023,04,03,,-0.1,,-9.6,,-4.8,,22.8,,0.0,,,,,,0.6,,28,,35,,56,
-97.56,49.03,GRETNA (AUT),5021220,2023-04-04,2023,04,04,,-3.9,,-10.2,,-7.1,,25.1,,0.0,,,,,,2.1,,30,,3,,50,
-97.56,49.03,GRETNA (AUT),5021220,2023-04-05,2023,04,05,,-5.1,,-7.0,,-6.0,,24.0,,0.0,,,,,,2.5,,33,,33,,56,
-97.56,49.03,GRETNA (AUT),5021220,2023-04-06,2023,04,06,,-3.2,,-15.2,,-9.2,,27.2,,0.0,,,,,,0.0,,43,,33,,41,
-97.56,49.03,GRETNA (AUT),5021220,2023-04-07,2023,04,07,,-2.2,,-20.1,,-11.1,,29.1,,0.0,,,,,,0.3,,42,,,,,
-97.56,49.03,GRETNA (AUT),5021220,2023-04-08,2023,04,08,,5.5,,-17.5,,-6.0,,24.0,,0.0,,,,,,0.0,,42,,,,,
-97.56,49.03,GRETNA (AUT),5021220,2023-04-09,2023,04,09,,8.4,,-9.3,,-0.4,,18.4,,0.0,,,,,,0.0,,41,,,,,
-97.56,49.03,GRETNA (AUT),5021220,2023-04-10,2023,04,10,,9.6,,-2.5,,3.6,,14.4,,0.0,,,,,,0.0,,37,,,,,
-97.56,49.03,GRETNA (AUT),5021220,2023-04-11,2023,04,11,,4.5,,0.5,,2.5,,15.5,,0.0,,,,,,0.0,,29,,16,,37,
-97.56,49.03,GRETNA (AUT),5021220,2023-04-12,2023,04,12,,7.1,,0.5,,3.8,,14.2,,0.0,,,,,,0.0,,24,,,,,
-97.56,49.03,GRETNA (AUT),5021220,2023-04-13,2023,04,13,,6.3,,0.8,,3.6,,14.4,,0.0,,,,,,0.0,,18,,2,,40,
-97.56,49.03,GRETNA (AUT),5021220,2023-04-14,2023,04,14,,3.3,,1.1,,2.2,,15.8,,0.0,,,,,,3.6,,11,,32,,36,
-97.56,49.03,GRETNA (AUT),5021220,2023-04-15,2023,04,15,,1.4,,0.1,,0.8,,17.2,,0.0,,,,,,0.0,,3,,35,,51,
-97.56,49.03,GRETNA (AUT),5021220,2023-04-16,2023,04,16,,7.4,,-0.8,,3.3,,14.7,,0.0,,,,,,0.0,,2,,34,,49,
-97.56,49.03,GRETNA (AUT),5021220,2023-04-17,2023,04,17,,7.2,,-1.8,,2.7,,15.3,,0.0,,,,,,0.0,,2,,,,,
-97.56,49.03,GRETNA (AUT),5021220,2023-04-18,2023,04,18,,8.5,,-1.9,,3.3,,14.7,,0.0,,,,,,0.0,,2,,,,,
-97.56,49.03,GRETNA (AUT),5021220,2023-04-19,2023,04,19,,4.0,,-0.8,,1.6,,16.4,,0.0,,,,,,0.2,,2,,13,,64,
-97.56,49.03,GRETNA (AUT),5021220,2023-04-20,2023,04,20,,2.4,,-0.9,,0.7,,17.3,,0.0,,,,,,6.4,,2,,3,,51,
-97.56,49.03,GRETNA (AUT),5021220,2023-04-21,2023,04,21,,3.2,,-1.8,,0.7,,17.3,,0.0,,,,,,0.9,,8,,1,,62,
-97.56,49.03,GRETNA (AUT),5021220,2023-04-22,2023,04,22,,4.3,,-2.8,,0.7,,17.3,,0.0,,,,,,0.0,,2,,34,,43,
-97.56,49.03,GRETNA (AUT),5021220,2023-04-23,2023,04,23,,4.1,,-3.0,,0.5,,17.5,,0.0,,,,,,0.0,,2,,,,,
-97.56,49.03,GRETNA (AUT),5021220,2023-04-24,2023,04,24,,4.8,,-1.0,,1.9,,16.1,,0.0,,,,,,0.0,,2,,,,,
-97.56,49.03,GRETNA (AUT),5021220,2023-04-25,2023,04,25,,9.0,,-2.8,,3.1,,14.9,,0.0,,,,,,0.0,,2,,,,,
-97.56,49.03,GRETNA (AUT),5021220,2023-04-26,2023,04,26,,9.1,,0.1,,4.6,,13.4,,0.0,,,,,,3.1,,2,,17,,55,
-97.56,49.03,GRETNA (AUT),5021220,2023-04-27,2023,04,27,,12.1,,1.5,,6.8,,11.2,,0.0,,,,,,0.0,,2,,35,,42,
-97.56,49.03,GRETNA (AUT),5021220,2023-04-28,2023,04,28,,11.3,,1.5,,6.4,,11.6,,0.0,,,,,,0.4,,2,,31,,32,
-97.56,49.03,GRETNA (AUT),5021220,2023-04-29,2023,04,29,,11.3,,2.1,,6.7,,11.3,,0.0,,,,,,0.8,,2,,35,,54,
-97.56,49.03,GRETNA (AUT),5021220,2023-04-30,2023,04,30,,12.6,,0.5,,6.6,,11.4,,0.0,,,,,,0.0,,2,,34,,55,
-97.56,49.03,GRETNA (AUT),5021220,2023-05-01,2023,05,01,,12.0,,0.4,,6.2,,11.8,,0.0,,,,,,0.0,,,,35,,58,
-97.56,49.03,GRETNA (AUT),5021220,2023-05-02,2023,05,02,,17.3,,-0.3,,8.5,,9.5,,0.0,,,,,,0.0,,,,,,,
-97.56,49.03,GRETNA (AUT),5021220,2023-05-03,2023,05,03,,23.6,,4.5,,14.1,,3.9,,0.0,,,,,,0.2,,,,34,,44,
-97.56,49.03,GRETNA (AUT),5021220,2023-05-04,2023,05,04,,20.4,,1.9,,11.1,,6.9,,0.0,,,,,,0.0,,,,36,,42,
-97.56,49.03,GRETNA (AUT),5021220,2023-05-05,2023,05,05,,19.9,,2.4,,11.2,,6.8,,0.0,,,,,,0.0,,,,9,,43,
-97.56,49.03,GRETNA (AUT),5021220,2023-05-06,2023,05,06,,17.3,,4.2,,10.7,,7.3,,0.0,,,,,,0.0,,,,5,,39,
-96.90,49.52,KLEEFELD (MAFRI),5021500,2023-04-01,2023,04,01,,0.0,,-16.2,,-8.1,,26.1,,0.0,,,,,,0.0,,12,,18,,41,
-96.90,49.52,KLEEFELD (MAFRI),5021500,2023-04-02,2023,04,02,,3.9,,-5.4,,-0.8,,18.8,,0.0,,,,,,1.6,,12,,2,,41,
-96.90,49.52,KLEEFELD (MAFRI),5021500,2023-04-03,2023,04,03,,0.2,,-8.2,,-4.0,,22.0,,0.0,,,,,,0.2,,10,,1,,51,
-96.90,49.52,KLEEFELD (MAFRI),5021500,2023-04-04,2023,04,04,,-2.7,,-9.5,,-6.1,,24.1,,0.0,,,,,,2.2,,10,,3,,46,
-96.90,49.52,KLEEFELD (MAFRI),5021500,2023-04-05,2023,04,05,,-5.3,,-7.9,,-6.6,,24.6,,0.0,,,,,,9.8,,15,,31,,46,
-96.90,49.52,KLEEFELD (MAFRI),5021500,2023-04-06,2023,04,06,,-2.8,,-12.8,,-7.8,,25.8,,0.0,,,,,,0.2,,16,,32,,38,
-96.90,49.52,KLEEFELD (MAFRI),5021500,2023-04-07,2023,04,07,,-1.4,,-13.6,,-7.5,,25.5,,0.0,,,,,,0.8,,14,,,,,
-96.90,49.52,KLEEFELD (MAFRI),5021500,2023-04-08,2023,04,08,,9.8,,-5.3,,2.3,,15.7,,0.0,,,,,,0.3,,14,,12,,36,
-96.90,49.52,KLEEFELD (MAFRI),5021500,2023-04-09,2023,04,09,,5.0,,-4.0,,0.5,,17.5,,0.0,,,,,,0.0,,9,,20,,39,
-96.90,49.52,KLEEFELD (MAFRI),5021500,2023-04-10,2023,04,10,,7.2,,-1.2,,3.0,,15.0,,0.0,,,,,,0.0,,2,,19,,38,
-96.90,49.52,KLEEFELD (MAFRI),5021500,2023-04-11,2023,04,11,,13.3,,0.3,,6.8,,11.2,,0.0,,,,,,0.3,,1,,15,,40,
-96.90,49.52,KLEEFELD (MAFRI),5021500,2023-04-12,2023,04,12,,12.8,,0.6,,6.7,,11.3,,0.0,,,,,,0.0,,2,,,,,
-96.90,49.52,KLEEFELD (MAFRI),5021500,2023-04-13,2023,04,13,,10.7,,1.8,,6.2,,11.8,,0.0,,,,,,0.0,,2,,4,,46,
-96.90,49.52,KLEEFELD (MAFRI),5021500,2023-04-14,2023,04,14,,6.3,,1.5,,3.9,,14.1,,0.0,,,,,,4.9,,2,,,,,
-96.90,49.52,KLEEFELD (MAFRI),5021500,2023-04-15,2023,04,15,,1.5,,-0.2,,0.7,,17.3,,0.0,,,,,,0.0,,2,,36,,45,
-96.90,49.52,KLEEFELD (MAFRI),5021500,2023-04-16,2023,04,16,,8.4,,-1.1,,3.6,,14.4,,0.0,,,,,,0.0,,2,,36,,52,
-96.90,49.52,KLEEFELD (MAFRI),5021500,2023-04-17,2023,04,17,,7.6,,-3.0,,2.3,,15.7,,0.0,,,,,,0.0,,1,,34,,34,
-96.90,49.52,KLEEFELD (MAFRI),5021500,2023-04-18,2023,04,18,,10.5,,-3.0,,3.8,,14.2,,0.0,,,,,,0.0,,1,,,,,
-96.90,49.52,KLEEFELD (MAFRI),5021500,2023-04-19,2023,04,19,,4.6,,-0.1,,2.2,,15.8,,0.0,,,,,,0.0,,1,,8,,53,
-96.90,49.52,KLEEFELD (MAFRI),5021500,2023-04-20,2023,04,20,,4.4,,-1.1,,1.6,,16.4,,0.0,,,,,,4.7,,1,,4,,48,
-96.90,49.52,KLEEFELD (MAFRI),5021500,2023-04-21,2023,04,21,,4.4,,-2.1,,1.1,,16.9,,0.0,,,,,,2.6,,5,,2,,59,
-96.90,49.52,KLEEFELD (MAFRI),5021500,2023-04-22,2023,04,22,,4.0,,-3.5,,0.3,,17.7,,0.0,,,,,,0.2,,1,,,,,
-96.90,49.52,KLEEFELD (MAFRI),5021500,2023-04-23,2023,04,23,,4.4,,-4.5,,0.0,,18.0,,0.0,,,,,,0.0,,1,,,,,
-96.90,49.52,KLEEFELD (MAFRI),5021500,2023-04-24,2023,04,24,,7.2,,-2.8,,2.2,,15.8,,0.0,,,,,,0.0,,1,,,,,
-96.90,49.52,KLEEFELD (MAFRI),5021500,2023-04-25,2023,04,25,,9.9,,-4.3,,2.8,,15.2,,0.0,,,,,,0.3,,1,,,,,
-96.90,49.52,KLEEFELD (MAFRI),5021500,2023-04-26,2023,04,26,,8.0,,0.5,,4.3,,13.7,,0.0,,,,,,5.4,,1,,19,,65,
-96.90,49.52,KLEEFELD (MAFRI),5021500,2023-04-27,2023,04,27,,12.1,,0.6,,6.4,,11.6,,0.0,,,,,,0.2,,1,,36,,32,
-96.90,49.52,KLEEFELD (MAFRI),5021500,2023-04-28,2023,04,28,,11.3,,1.8,,6.5,,11.5,,0.0,,,,,,0.0,,1,,,,,
-96.90,49.52,KLEEFELD (MAFRI),5021500,2023-04-29,2023,04,29,,12.1,,1.7,,6.9,,11.1,,0.0,,,,,,0.4,,1,,2,,48,
-96.90,49.52,KLEEFELD (MAFRI),5021500,2023-04-30,2023,04,30,,12.3,,0.5,,6.4,,11.6,,0.0,,,,,,0.2,,1,,2,,58,
-96.90,49.52,KLEEFELD (MAFRI),5021500,2023-05-01,2023,05,01,,11.6,,0.4,,6.0,,12.0,,0.0,,,,,,0.0,,,,36,,52,
-96.90,49.52,KLEEFELD (MAFRI),5021500,2023-05-02,2023,05,02,,17.0,,-1.4,,7.8,,10.2,,0.0,,,,,,0.0,,,,,,,
-96.90,49.52,KLEEFELD (MAFRI),5021500,2023-05-03,2023,05,03,,22.6,,3.8,,13.2,,4.8,,0.0,,,,,,0.0,,,,1,,45,
-96.90,49.52,KLEEFELD (MAFRI),5021500,2023-05-04,2023,05,04,,20.8,,-0.1,,10.4,,7.6,,0.0,,,,,,0.8,,,,34,,35,
-96.90,49.52,KLEEFELD (MAFRI),5021500,2023-05-05,2023,05,05,,19.4,,4.2,,11.8,,6.2,,0.0,,,,,,0.0,,,,7,,49,
-96.90,49.52,KLEEFELD (MAFRI),5021500,2023-05-06,2023,05,06,,17.0,,2.1,,9.6,,8.4,,0.0,,,,,,0.3,,,,6,,41,
-99.53,50.71,MCCREARY,5043158,2023-04-01,2023,04,01,,2.9,,-7.8,,-2.5,,20.5,,0.0,,,,,,0.0,,26,,15,,41,
-99.53,50.71,MCCREARY,5043158,2023-04-02,2023,04,02,,-1.5,,-9.1,,-5.3,,23.3,,0.0,,,,,,2.9,,26,,33,,43,
-99.53,50.71,MCCREARY,5043158,2023-04-03,2023,04,03,,-8.3,,-15.3,,-11.8,,29.8,,0.0,,,,,,0.0,,26,,34,,37,
-99.53,50.71,MCCREARY,5043158,2023-04-04,2023,04,04,,-4.4,,-18.6,,-11.5,,29.5,,0.0,,,,,,0.0,,26,,,,,
-99.53,50.71,MCCREARY,5043158,2023-04-05,2023,04,05,,-4.1,,-8.5,,-6.3,,24.3,,0.0,,,,,,0.0,,25,,32,,59,
-99.53,50.71,MCCREARY,5043158,2023-04-06,2023,04,06,,-0.6,,-6.8,,-3.7,,21.7,,0.0,,,,,,0.0,,25,,35,,34,
-99.53,50.71,MCCREARY,5043158,2023-04-07,2023,04,07,,0.1,,-12.1,,-6.0,,24.0,,0.0,,,,,,0.0,,25,,15,,37,
-99.53,50.71,MCCREARY,5043158,2023-04-08,2023,04,08,,4.3,,-6.9,,-1.3,,19.3,,0.0,,,,,,0.0,,25,,15,,37,
-99.53,50.71,MCCREARY,5043158,2023-04-09,2023,04,09,,15.5,,-3.4,,6.1,,11.9,,0.0,,,,,,0.0,,21,,25,,43,
-99.53,50.71,MCCREARY,5043158,2023-04-10,2023,04,10,,16.6,,6.0,,11.3,,6.7,,0.0,,,,,,0.0,,14,,24,,53,
-99.53,50.71,MCCREARY,5043158,2023-04-11,2023,04,11,,15.1,,1.7,,8.4,,9.6,,0.0,,,,,,0.0,,2,,14,,39,
-99.53,50.71,MCCREARY,5043158,2023-04-12,2023,04,12,,14.4,,2.9,,8.6,,9.4,,0.0,,,,,,0.0,,1,,26,,69,
-99.53,50.71,MCCREARY,5043158,2023-04-13,2023,04,13,,7.5,,-1.0,,3.3,,14.7,,0.0,,,,,,0.0,,1,,4,,37,
-99.53,50.71,MCCREARY,5043158,2023-04-14,2023,04,14,,3.7,,0.5,,2.1,,15.9,,0.0,,,,,,3.1,,1,,2,,37,
-99.53,50.71,MCCREARY,5043158,2023-04-15,2023,04,15,,6.5,,-0.9,,2.8,,15.2,,0.0,,,,,,0.0,,1,,33,,39,
-99.53,50.71,MCCREARY,5043158,2023-04-16,2023,04,16,,11.0,,-5.0,,3.0,,15.0,,0.0,,,,,,0.0,,1,,,,,
-99.53,50.71,MCCREARY,5043158,2023-04-17,2023,04,17,,9.5,,-6.7,,1.4,,16.6,,0.0,,,,,,0.0,,1,,,,,
-99.53,50.71,MCCREARY,5043158,2023-04-18,2023,04,18,,5.9,,-5.1,,0.4,,17.6,,0.0,,,,,,8.4,,1,,12,,31,
-99.53,50.71,MCCREARY,5043158,2023-04-19,2023,04,19,,-0.1,,-2.4,,-1.2,,19.2,,0.0,,,,,,5.3,,12,,8,,38,
-99.53,50.71,MCCREARY,5043158,2023-04-20,2023,04,20,,1.2,,-1.7,,-0.2,,18.2,,0.0,,,,,,6.1,,13,,3,,53,
-99.53,50.71,MCCREARY,5043158,2023-04-21,2023,04,21,,2.2,,-2.9,,-0.3,,18.3,,0.0,,,,,,0.0,,12,,32,,53,
-99.53,50.71,MCCREARY,5043158,2023-04-22,2023,04,22,,4.3,,-5.2,,-0.5,,18.5,,0.0,,,,,,0.0,,14,,36,,37,
-99.53,50.71,MCCREARY,5043158,2023-04-23,2023,04,23,,3.8,,-6.1,,-1.2,,19.2,,0.0,,,,,,0.0,,11,,,,,
-99.53,50.71,MCCREARY,5043158,2023-04-24,2023,04,24,,6.4,,-7.5,,-0.5,,18.5,,0.0,,,,,,0.0,,8,,,,,
-99.53,50.71,MCCREARY,5043158,2023-04-25,2023,04,25,,10.0,,-6.4,,1.8,,16.2,,0.0,,,,,,0.0,,3,,,,,
-99.53,50.71,MCCREARY,5043158,2023-04-26,2023,04,26,,13.7,,-0.7,,6.5,,11.5,,0.0,,,,,,1.5,,1,,15,,33,
-99.53,50.71,MCCREARY,5043158,2023-04-27,2023,04,27,,8.3,,-1.9,,3.2,,14.8,,0.0,,,,,,0.0,,1,,34,,34,
-99.53,50.71,MCCREARY,5043158,2023-04-28,2023,04,28,,11.3,,1.1,,6.2,,11.8,,0.0,,,,,,0.0,,1,,,,,
-99.53,50.71,MCCREARY,5043158,2023-04-29,2023,04,29,,6.8,,2.9,,4.9,,13.1,,0.0,,,,,,3.5,,1,,25,,44,
-99.53,50.71,MCCREARY,5043158,2023-04-30,2023,04,30,,12.2,,1.9,,7.0,,11.0,,0.0,,,,,,0.0,,1,,36,,38,
-99.53,50.71,MCCREARY,5043158,2023-05-01,2023,05,01,,11.3,,1.5,,6.4,,11.6,,0.0,,,,,,0.0,,,,1,,41,
-99.53,50.71,MCCREARY,5043158,2023-05-02,2023,05,02,,21.9,,-3.2,,9.4,,8.6,,0.0,,,,,,0.0,,,,25,,41,
-99.53,50.71,MCCREARY,5043158,2023-05-03,2023,05,03,,21.3,,5.9,,13.6,,4.4,,0.0,,,,,,0.0,,,,24,,46,
-99.53,50.71,MCCREARY,5043158,2023-05-04,2023,05,04,,17.6,,4.1,,10.8,,7.2,,0.0,,,,,,0.0,,,,4,,32,
-99.53,50.71,MCCREARY,5043158,2023-05-05,2023,05,05,,17.3,,1.7,,9.5,,8.5,,0.0,,,,,,0.0,,,,11,,36,
-99.53,50.71,MCCREARY,5043158,2023-05-06,2023,05,06,,17.5,,5.1,,11.3,,6.7,,0.0,,,,,,0.0,,,,9,,37,
-100.99,49.28,MELITA,501A7AR,2023-04-01,2023,04,01,,0.5,,-15.7,,-7.6,,25.6,,0.0,,,,,,0.0,,5,,18,,44,
-100.99,49.28,MELITA,501A7AR,2023-04-02,2023,04,02,,-0.4,,-7.2,,-3.8,,21.8,,0.0,,,,,,11.9,,5,,35,,41,
-100.99,49.28,MELITA,501A7AR,2023-04-03,2023,04,03,,-7.2,,-18.4,,-12.8,,30.8,,0.0,,,,,,0.5,,18,,36,,36,
-100.99,49.28,MELITA,501A7AR,2023-04-04,2023,04,04,,-6.3,,-14.0,,-10.1,,28.1,,0.0,,,,,,0.1,,18,,1,,36,
-100.99,49.28,MELITA,501A7AR,2023-04-05,2023,04,05,,-4.7,,-9.9,,-7.3,,25.3,,0.0,,,,,,0.0,,17,,33,,58,
-100.99,49.28,MELITA,501A7AR,2023-04-06,2023,04,06,,-2.1,,-15.4,,-8.8,,26.8,,0.0,,,,,,0.0,,16,,,,,
-100.99,49.28,MELITA,501A7AR,2023-04-07,2023,04,07,,-1.5,,-21.5,,-11.5,,29.5,,0.0,,,,,,0.0,,15,,,,,
-100.99,49.28,MELITA,501A7AR,2023-04-08,2023,04,08,,2.1,,-6.2,,-2.1,,20.1,,0.0,,,,,,0.0,,16,,16,,39,
-100.99,49.28,MELITA,501A7AR,2023-04-09,2023,04,09,,6.5,,-5.9,,0.3,,17.7,,0.0,,,,,,0.0,,16,,25,,34,
-100.99,49.28,MELITA,501A7AR,2023-04-10,2023,04,10,,9.0,,-0.8,,4.1,,13.9,,0.0,,,,,,0.0,,9,,16,,36,
-100.99,49.28,MELITA,501A7AR,2023-04-11,2023,04,11,,10.4,,-0.3,,5.1,,12.9,,0.0,,,,,,0.0,,5,,18,,38,
-100.99,49.28,MELITA,501A7AR,2023-04-12,2023,04,12,,7.4,,0.5,,4.0,,14.0,,0.0,,,,,,0.0,,7,,,,,
-100.99,49.28,MELITA,501A7AR,2023-04-13,2023,04,13,,6.0,,0.8,,3.4,,14.6,,0.0,,,,,,0.0,,6,,2,,44,
-100.99,49.28,MELITA,501A7AR,2023-04-14,2023,04,14,,5.0,,0.4,,2.7,,15.3,,0.0,,,,,,0.1,,6,,36,,35,
-100.99,49.28,MELITA,501A7AR,2023-04-15,2023,04,15,,8.9,,-2.3,,3.3,,14.7,,0.0,,,,,,0.0,,5,,3,,44,
-100.99,49.28,MELITA,501A7AR,2023-04-16,2023,04,16,,12.2,,-4.3,,4.0,,14.0,,0.0,,,,,,0.0,,5,,,,,
-100.99,49.28,MELITA,501A7AR,2023-04-17,2023,04,17,,11.6,,-5.0,,3.3,,14.7,,0.0,,,,,,0.0,,5,,10,,40,
-100.99,49.28,MELITA,501A7AR,2023-04-18,2023,04,18,,9.1,,-1.2,,3.9,,14.1,,0.0,,,,,,0.0,,5,,9,,53,
-100.99,49.28,MELITA,501A7AR,2023-04-19,2023,04,19,,1.6,,-0.6,,0.5,,17.5,,0.0,,,,,,7.4,,4,,7,,68,
-100.99,49.28,MELITA,501A7AR,2023-04-20,2023,04,20,,0.8,,-2.1,,-0.7,,18.7,,0.0,,,,,,7.3,,4,,6,,42,
-100.99,49.28,MELITA,501A7AR,2023-04-21,2023,04,21,,1.6,,-3.5,,-1.0,,19.0,,0.0,,,,,,0.0,,7,,4,,51,
-100.99,49.28,MELITA,501A7AR,2023-04-22,2023,04,22,,4.1,,-5.5,,-0.7,,18.7,,0.0,,,,,,0.0,,4,,32,,31,
-100.99,49.28,MELITA,501A7AR,2023-04-23,2023,04,23,,7.0,,-3.9,,1.6,,16.4,,0.0,,,,,,0.0,,4,,,,,
-100.99,49.28,MELITA,501A7AR,2023-04-24,2023,04,24,,9.0,,-5.0,,2.0,,16.0,,0.0,,,,,,0.0,,4,,9,,32,
-100.99,49.28,MELITA,501A7AR,2023-04-25,2023,04,25,,11.3,,-5.8,,2.7,,15.3,,0.0,,,,,,0.0,,4,,18,,37,
-100.99,49.28,MELITA,501A7AR,2023-04-26,2023,04,26,,15.0,,2.2,,8.6,,9.4,,0.0,,,,,,0.0,,4,,17,,49,
-100.99,49.28,MELITA,501A7AR,2023-04-27,2023,04,27,,14.2,,2.8,,8.5,,9.5,,0.0,,,,,,1.1,,4,,2,,37,
-100.99,49.28,MELITA,501A7AR,2023-04-28,2023,04,28,,12.0,,-1.1,,5.5,,12.5,,0.0,,,,,,0.4,,3,,,,,
-100.99,49.28,MELITA,501A7AR,2023-04-29,2023,04,29,,13.5,,-0.9,,6.3,,11.7,,0.0,,,,,,0.3,,3,,34,,56,
-100.99,49.28,MELITA,501A7AR,2023-04-30,2023,04,30,,13.9,,-1.6,,6.2,,11.8,,0.0,,,,,,0.0,,3,,34,,31,
-100.99,49.28,MELITA,501A7AR,2023-05-01,2023,05,01,,13.8,,-3.0,,5.4,,12.6,,0.0,,,,,,0.0,,,,1,,34,
-100.99,49.28,MELITA,501A7AR,2023-05-02,2023,05,02,,20.2,,-4.1,,8.1,,9.9,,0.0,,,,,,0.0,,,,,,,
-100.99,49.28,MELITA,501A7AR,2023-05-03,2023,05,03,,25.8,,2.7,,14.3,,3.7,,0.0,,,,,,0.0,,,,,,,
-100.99,49.28,MELITA,501A7AR,2023-05-04,2023,05,04,,22.3,,1.1,,11.7,,6.3,,0.0,,,,,,0.0,,,,3,,41,
-100.99,49.28,MELITA,501A7AR,2023-05-05,2023,05,05,,19.0,,0.1,,9.6,,8.4,,0.0,,,,,,0.0,,,,7,,45,
-100.99,49.28,MELITA,501A7AR,2023-05-06,2023,05,06,,18.5,,6.8,,12.7,,5.3,,0.0,,,,,,0.0,,,,7,,51,
-98.08,49.19,MORDEN CDA CS,5021849,2023-04-01,2023,04,01,,0.4,,-12.2,,-5.9,,23.9,,0.0,,,,,,0.0,,24,,20,,43,
-98.08,49.19,MORDEN CDA CS,5021849,2023-04-02,2023,04,02,,0.1,,-6.2,,-3.0,,21.0,,0.0,,,,,,1.2,,24,,36,,51,
-98.08,49.19,MORDEN CDA CS,5021849,2023-04-03,2023,04,03,,-1.9,,-11.4,,-6.6,,24.6,,0.0,,,,,,0.1,,25,,35,,46,
-98.08,49.19,MORDEN CDA CS,5021849,2023-04-04,2023,04,04,,-4.7,,-10.9,,-7.8,,25.8,,0.0,,,,,,6.7,,25,,3,,40,
-98.08,49.19,MORDEN CDA CS,5021849,2023-04-05,2023,04,05,,-5.2,,-7.1,,-6.2,,24.2,,0.0,,,,,,9.6,,35,,35,,57,
-98.08,49.19,MORDEN CDA CS,5021849,2023-04-06,2023,04,06,,-2.6,,-15.1,,-8.9,,26.9,,0.0,,,,,,0.0,,27,,34,,34,
-98.08,49.19,MORDEN CDA CS,5021849,2023-04-07,2023,04,07,,-3.8,,-16.6,,-10.2,,28.2,,0.0,,,,,,0.0,,26,,,,,
-98.08,49.19,MORDEN CDA CS,5021849,2023-04-08,2023,04,08,,2.5,,-16.1,,-6.8,,24.8,,0.0,,,,,,0.0,,26,,,,,
-98.08,49.19,MORDEN CDA CS,5021849,2023-04-09,2023,04,09,,8.8,,-6.2,,1.3,,16.7,,0.0,,,,,,0.0,,25,,26,,39,
-98.08,49.19,MORDEN CDA CS,5021849,2023-04-10,2023,04,10,,8.6,,2.2,,5.4,,12.6,,0.0,,,,,,0.0,,19,,23,,46,
-98.08,49.19,MORDEN CDA CS,5021849,2023-04-11,2023,04,11,,8.3,,1.3,,4.8,,13.2,,0.0,,,,,,0.0,,,,,,,
-98.08,49.19,MORDEN CDA CS,5021849,2023-04-12,2023,04,12,,12.1,,4.2,,8.1,,9.9,,0.0,,,,,,0.0,,0,,33,,38,
-98.08,49.19,MORDEN CDA CS,5021849,2023-04-13,2023,04,13,,7.7,,2.1,,4.9,,13.1,,0.0,,,,,,0.0,,,,2,,45,
-98.08,49.19,MORDEN CDA CS,5021849,2023-04-14,2023,04,14,,3.7,,1.3,,2.5,,15.5,,0.0,,,,,,0.1,,,,34,,33,
-98.08,49.19,MORDEN CDA CS,5021849,2023-04-15,2023,04,15,,1.9,,-0.1,,0.9,,17.1,,0.0,,,,,,0.0,,,,36,,43,
-98.08,49.19,MORDEN CDA CS,5021849,2023-04-16,2023,04,16,,9.0,,-1.4,,3.8,,14.2,,0.0,,,,,,0.0,,,,34,,41,
-98.08,49.19,MORDEN CDA CS,5021849,2023-04-17,2023,04,17,,7.7,,-2.0,,2.8,,15.2,,0.0,,,,,,0.0,,0,,,,,
-98.08,49.19,MORDEN CDA CS,5021849,2023-04-18,2023,04,18,,7.3,,-3.6,,1.8,,16.2,,0.0,,,,,,0.0,,,,,,,
-98.08,49.19,MORDEN CDA CS,5021849,2023-04-19,2023,04,19,,3.5,,-0.9,,1.3,,16.7,,0.0,,,,,,2.0,,,,12,,81,
-98.08,49.19,MORDEN CDA CS,5021849,2023-04-20,2023,04,20,,2.5,,-1.1,,0.7,,17.3,,0.0,,,,,,13.8,,1,,5,,46,
-98.08,49.19,MORDEN CDA CS,5021849,2023-04-21,2023,04,21,,2.4,,-2.0,,0.2,,17.8,,0.0,,,,,,1.9,,15,,1,,54,
-98.08,49.19,MORDEN CDA CS,5021849,2023-04-22,2023,04,22,,2.9,,-4.5,,-0.8,,18.8,,0.0,,,,,,0.0,,4,,34,,35,
-98.08,49.19,MORDEN CDA CS,5021849,2023-04-23,2023,04,23,,3.4,,-6.5,,-1.5,,19.5,,0.0,,,,,,0.0,,,,,,,
-98.08,49.19,MORDEN CDA CS,5021849,2023-04-24,2023,04,24,,3.7,,-4.1,,-0.2,,18.2,,0.0,,,,,,0.0,,,,,,,
-98.08,49.19,MORDEN CDA CS,5021849,2023-04-25,2023,04,25,,7.9,,-5.7,,1.1,,16.9,,0.0,,,,,,0.0,,,,,,,
-98.08,49.19,MORDEN CDA CS,5021849,2023-04-26,2023,04,26,,10.3,,0.1,,5.2,,12.8,,0.0,,,,,,0.9,,,,16,,35,
-98.08,49.19,MORDEN CDA CS,5021849,2023-04-27,2023,04,27,,11.9,,2.1,,7.0,,11.0,,0.0,,,,,,0.0,,1,,,,,
-98.08,49.19,MORDEN CDA CS,5021849,2023-04-28,2023,04,28,,11.4,,1.4,,6.4,,11.6,,0.0,,,,,,0.8,,1,,,,,
-98.08,49.19,MORDEN CDA CS,5021849,2023-04-29,2023,04,29,,9.7,,3.2,,6.5,,11.5,,0.0,,,,,,1.8,,1,,35,,44,
-98.08,49.19,MORDEN CDA CS,5021849,2023-04-30,2023,04,30,,12.2,,1.4,,6.8,,11.2,,0.0,,,,,,0.0,,1,,1,,49,
-98.08,49.19,MORDEN CDA CS,5021849,2023-05-01,2023,05,01,,11.2,,2.0,,6.6,,11.4,,0.0,,,,,,0.0,,,,35,,48,
-98.08,49.19,MORDEN CDA CS,5021849,2023-05-02,2023,05,02,,18.4,,1.8,,10.1,,7.9,,0.0,,,,,,0.0,,,,32,,36,
-98.08,49.19,MORDEN CDA CS,5021849,2023-05-03,2023,05,03,,22.4,,8.2,,15.3,,2.7,,0.0,,,,,,0.0,,,,35,,37,
-98.08,49.19,MORDEN CDA CS,5021849,2023-05-04,2023,05,04,,19.9,,6.7,,13.3,,4.7,,0.0,,,,,,0.0,,,,1,,36,
-98.08,49.19,MORDEN CDA CS,5021849,2023-05-05,2023,05,05,,19.4,,3.7,,11.5,,6.5,,0.0,,,,,,0.0,,,,8,,42,
-98.08,49.19,MORDEN CDA CS,5021849,2023-05-06,2023,05,06,,15.9,,5.2,,10.5,,7.5,,0.0,,,,,,0.0,,,,8,,34,
-98.90,49.19,PILOT MOUND (AUT),5022125,2023-04-01,2023,04,01,,-1.6,,-18.3,,-10.0,,28.0,,0.0,,,,,,0.0,,40,,19,,50,
-98.90,49.19,PILOT MOUND (AUT),5022125,2023-04-02,2023,04,02,,-0.1,,-8.3,,-4.2,,22.2,,0.0,,,,,,10.7,,40,,35,,36,
-98.90,49.19,PILOT MOUND (AUT),5022125,2023-04-03,2023,04,03,,-4.8,,-13.2,,-9.0,,27.0,,0.0,,,,,,0.5,,46,,1,,36,
-98.90,49.19,PILOT MOUND (AUT),5022125,2023-04-04,2023,04,04,,-6.2,,-12.5,,-9.3,,27.3,,0.0,,,,,,0.2,,46,,3,,45,
-98.90,49.19,PILOT MOUND (AUT),5022125,2023-04-05,2023,04,05,,-6.0,,-9.2,,-7.6,,25.6,,0.0,,,,,,0.2,,45,,34,,53,
-98.90,49.19,PILOT MOUND (AUT),5022125,2023-04-06,2023,04,06,,-1.3,,-16.2,,-8.8,,26.8,,0.0,,,,,,0.0,,56,,32,,42,
-98.90,49.19,PILOT MOUND (AUT),5022125,2023-04-07,2023,04,07,,-3.0,,-21.3,,-12.1,,30.1,,0.0,,,,,,0.0,,54,,,,,
-98.90,49.19,PILOT MOUND (AUT),5022125,2023-04-08,2023,04,08,,1.9,,-12.7,,-5.4,,23.4,,0.0,,,,,,0.0,,53,,13,,37,
-98.90,49.19,PILOT MOUND (AUT),5022125,2023-04-09,2023,04,09,,5.9,,-6.9,,-0.5,,18.5,,0.0,,,,,,0.0,,50,,,,,
-98.90,49.19,PILOT MOUND (AUT),5022125,2023-04-10,2023,04,10,,4.2,,-3.6,,0.3,,17.7,,0.0,,,,,,0.0,,43,,23,,37,
-98.90,49.19,PILOT MOUND (AUT),5022125,2023-04-11,2023,04,11,,5.4,,0.1,,2.8,,15.2,,0.0,,,,,,0.0,,37,,17,,32,
-98.90,49.19,PILOT MOUND (AUT),5022125,2023-04-12,2023,04,12,,6.9,,-0.4,,3.3,,14.7,,0.0,,,,,,0.0,,24,,31,,35,
-98.90,49.19,PILOT MOUND (AUT),5022125,2023-04-13,2023,04,13,,7.8,,1.4,,4.6,,13.4,,0.0,,,,,,4.0,,13,,4,,53,
-98.90,49.19,PILOT MOUND (AUT),5022125,2023-04-14,2023,04,14,,4.7,,0.4,,2.6,,15.4,,0.0,,,,,,0.0,,7,,5,,37,
-98.90,49.19,PILOT MOUND (AUT),5022125,2023-04-15,2023,04,15,,2.4,,-0.8,,0.8,,17.2,,0.0,,,,,,0.0,,7,,36,,45,
-98.90,49.19,PILOT MOUND (AUT),5022125,2023-04-16,2023,04,16,,9.3,,-2.6,,3.3,,14.7,,0.0,,,,,,0.0,,7,,35,,32,
-98.90,49.19,PILOT MOUND (AUT),5022125,2023-04-17,2023,04,17,,7.9,,-3.4,,2.2,,15.8,,0.0,,,,,,0.0,,7,,,,,
-98.90,49.19,PILOT MOUND (AUT),5022125,2023-04-18,2023,04,18,,6.6,,-3.3,,1.7,,16.3,,0.0,,,,,,0.0,,7,,9,,40,
-98.90,49.19,PILOT MOUND (AUT),5022125,2023-04-19,2023,04,19,,2.9,,-1.6,,0.6,,17.4,,0.0,,,,,,4.1,,7,,10,,62,
-98.90,49.19,PILOT MOUND (AUT),5022125,2023-04-20,2023,04,20,,0.8,,-1.8,,-0.5,,18.5,,0.0,,,,,,5.2,,14,,4,,54,
-98.90,49.19,PILOT MOUND (AUT),5022125,2023-04-21,2023,04,21,,1.1,,-3.7,,-1.3,,19.3,,0.0,,,,,,0.0,,21,,36,,58,
-98.90,49.19,PILOT MOUND (AUT),5022125,2023-04-22,2023,04,22,,2.4,,-7.4,,-2.5,,20.5,,0.0,,,,,,0.0,,32,,36,,34,
-98.90,49.19,PILOT MOUND (AUT),5022125,2023-04-23,2023,04,23,,3.3,,-8.1,,-2.4,,20.4,,0.0,,,,,,0.0,,27,,,,,
-98.90,49.19,PILOT MOUND (AUT),5022125,2023-04-24,2023,04,24,,3.3,,-2.6,,0.3,,17.7,,0.0,,,,,,0.0,,20,,,,,
-98.90,49.19,PILOT MOUND (AUT),5022125,2023-04-25,2023,04,25,,7.5,,-4.9,,1.3,,16.7,,0.0,,,,,,0.0,,15,,,,,
-98.90,49.19,PILOT MOUND (AUT),5022125,2023-04-26,2023,04,26,,10.8,,0.3,,5.5,,12.5,,0.0,,,,,,3.3,,11,,16,,45,
-98.90,49.19,PILOT MOUND (AUT),5022125,2023-04-27,2023,04,27,,11.4,,0.5,,6.0,,12.0,,0.0,,,,,,0.0,,6,,2,,32,
-98.90,49.19,PILOT MOUND (AUT),5022125,2023-04-28,2023,04,28,,10.5,,0.6,,5.6,,12.4,,0.0,,,,,,0.0,,6,,,,,
-98.90,49.19,PILOT MOUND (AUT),5022125,2023-04-29,2023,04,29,,7.6,,1.5,,4.5,,13.5,,0.0,,,,,,4.5,,6,,35,,50,
-98.90,49.19,PILOT MOUND (AUT),5022125,2023-04-30,2023,04,30,,11.3,,-0.5,,5.4,,12.6,,0.0,,,,,,0.0,,5,,2,,47,
-98.90,49.19,PILOT MOUND (AUT),5022125,2023-05-01,2023,05,01,,9.5,,-1.0,,4.3,,13.7,,0.0,,,,,,0.0,,,,36,,48,
-98.90,49.19,PILOT MOUND (AUT),5022125,2023-05-02,2023,05,02,,18.5,,-1.3,,8.6,,9.4,,0.0,,,,,,0.0,,,,,,,
-98.90,49.19,PILOT MOUND (AUT),5022125,2023-05-03,2023,05,03,,22.1,,2.8,,12.4,,5.6,,0.0,,,,,,0.0,,,,31,,33,
-98.90,49.19,PILOT MOUND (AUT),5022125,2023-05-04,2023,05,04,,18.1,,2.7,,10.4,,7.6,,0.0,,,,,,0.0,,,,4,,37,
-98.90,49.19,PILOT MOUND (AUT),5022125,2023-05-05,2023,05,05,,18.2,,4.9,,11.5,,6.5,,0.0,,,,,,0.0,,,,9,,43,
-98.90,49.19,PILOT MOUND (AUT),5022125,2023-05-06,2023,05,06,,15.3,,5.9,,10.6,,7.4,,0.0,,,,,,0.0,,,,10,,49,
-96.06,50.18,PINAWA,503B1ER,2023-04-01,2023,04,01,,4.0,,-12.9,,-4.4,,22.4,,0.0,,,,,,0.0,,7,,,,,
-96.06,50.18,PINAWA,503B1ER,2023-04-02,2023,04,02,,5.1,,-5.7,,-0.3,,18.3,,0.0,,,,,,1.1,,6,,2,,34,
-96.06,50.18,PINAWA,503B1ER,2023-04-03,2023,04,03,,-1.1,,-9.2,,-5.1,,23.1,,0.0,,,,,,0.2,,4,,4,,34,
-96.06,50.18,PINAWA,503B1ER,2023-04-04,2023,04,04,,-0.8,,-9.8,,-5.3,,23.3,,0.0,,,,,,1.2,,2,,8,,41,
-96.06,50.18,PINAWA,503B1ER,2023-04-05,2023,04,05,,-4.9,,-8.7,,-6.8,,24.8,,0.0,,,,,,10.4,,12,,5,,31,
-96.06,50.18,PINAWA,503B1ER,2023-04-06,2023,04,06,,-1.3,,-14.3,,-7.8,,25.8,,0.0,,,,,,0.3,,21,,32,,33,
-96.06,50.18,PINAWA,503B1ER,2023-04-07,2023,04,07,,4.3,,-20.0,,-7.8,,25.8,,0.0,,,,,,0.0,,17,,,,,
-96.06,50.18,PINAWA,503B1ER,2023-04-08,2023,04,08,,10.1,,-13.9,,-1.9,,19.9,,0.0,,,,,,0.0,,11,,,,,
-96.06,50.18,PINAWA,503B1ER,2023-04-09,2023,04,09,,12.3,,0.1,,6.2,,11.8,,0.0,,,,,,0.0,,5,,,,,
-96.06,50.18,PINAWA,503B1ER,2023-04-10,2023,04,10,,16.9,,-0.9,,8.0,,10.0,,0.0,,,,,,0.0,,1,,24,,33,
-96.06,50.18,PINAWA,503B1ER,2023-04-11,2023,04,11,,19.3,,-1.3,,9.0,,9.0,,0.0,,,,,,0.0,,1,,16,,32,
-96.06,50.18,PINAWA,503B1ER,2023-04-12,2023,04,12,,15.8,,1.7,,8.7,,9.3,,0.0,,,,,,0.0,,1,,29,,36,
-96.06,50.18,PINAWA,503B1ER,2023-04-13,2023,04,13,,9.5,,3.4,,6.4,,11.6,,0.0,,,,,,0.3,,1,,10,,41,
-96.06,50.18,PINAWA,503B1ER,2023-04-14,2023,04,14,,6.5,,1.3,,3.9,,14.1,,0.0,,,,,,15.6,,1,,8,,33,
-96.06,50.18,PINAWA,503B1ER,2023-04-15,2023,04,15,,1.3,,-1.3,,0.0,,18.0,,0.0,,,,,,0.1,,1,,,,,
-96.06,50.18,PINAWA,503B1ER,2023-04-16,2023,04,16,,7.7,,-2.0,,2.8,,15.2,,0.0,,,,,,0.0,,1,,31,,37,
-96.06,50.18,PINAWA,503B1ER,2023-04-17,2023,04,17,,7.6,,-2.9,,2.3,,15.7,,0.0,,,,,,0.0,,1,,,,,
-96.06,50.18,PINAWA,503B1ER,2023-04-18,2023,04,18,,9.6,,-5.6,,2.0,,16.0,,0.0,,,,,,0.0,,,,7,,44,
-96.06,50.18,PINAWA,503B1ER,2023-04-19,2023,04,19,,4.0,,-1.0,,1.5,,16.5,,0.0,,,,,,0.8,,,,10,,47,
-96.06,50.18,PINAWA,503B1ER,2023-04-20,2023,04,20,,5.1,,-0.9,,2.1,,15.9,,0.0,,,,,,0.0,,1,,7,,55,
-96.06,50.18,PINAWA,503B1ER,2023-04-21,2023,04,21,,4.2,,-2.3,,0.9,,17.1,,0.0,,,,,,1.4,,1,,3,,51,
-96.06,50.18,PINAWA,503B1ER,2023-04-22,2023,04,22,,3.6,,-4.0,,-0.2,,18.2,,0.0,,,,,,0.0,,0,,,,,
-96.06,50.18,PINAWA,503B1ER,2023-04-23,2023,04,23,,4.4,,-4.5,,-0.1,,18.1,,0.0,,,,,,0.0,,0,,,,,
-96.06,50.18,PINAWA,503B1ER,2023-04-24,2023,04,24,,6.8,,-2.3,,2.3,,15.7,,0.0,,,,,,0.0,,0,,,,,
-96.06,50.18,PINAWA,503B1ER,2023-04-25,2023,04,25,,10.3,,-3.2,,3.5,,14.5,,0.0,,,,,,0.0,,,,,,,
-96.06,50.18,PINAWA,503B1ER,2023-04-26,2023,04,26,,10.5,,-2.8,,3.9,,14.1,,0.0,,,,,,6.7,,0,,17,,39,
-96.06,50.18,PINAWA,503B1ER,2023-04-27,2023,04,27,,10.4,,2.8,,6.6,,11.4,,0.0,,,,,,0.0,,0,,,,,
-96.06,50.18,PINAWA,503B1ER,2023-04-28,2023,04,28,,10.0,,1.5,,5.7,,12.3,,0.0,,,,,,0.9,,0,,,,,
-96.06,50.18,PINAWA,503B1ER,2023-04-29,2023,04,29,,10.7,,-1.1,,4.8,,13.2,,0.0,,,,,,0.3,,,,35,,31,
-96.06,50.18,PINAWA,503B1ER,2023-04-30,2023,04,30,,12.1,,0.1,,6.1,,11.9,,0.0,,,,,,0.0,,,,34,,43,
-96.06,50.18,PINAWA,503B1ER,2023-05-01,2023,05,01,,11.2,,1.4,,6.3,,11.7,,0.0,,,,,,0.0,,,,31,,43,
-96.06,50.18,PINAWA,503B1ER,2023-05-02,2023,05,02,,15.8,,-0.8,,7.5,,10.5,,0.0,,,,,,0.0,,,,,,,
-96.06,50.18,PINAWA,503B1ER,2023-05-03,2023,05,03,,20.2,,1.8,,11.0,,7.0,,0.0,,,,,,0.0,,,,34,,40,
-96.06,50.18,PINAWA,503B1ER,2023-05-04,2023,05,04,,19.0,,3.2,,11.1,,6.9,,0.0,,,,,,0.0,,,,8,,34,
-96.06,50.18,PINAWA,503B1ER,2023-05-05,2023,05,05,,18.5,,6.8,,12.7,,5.3,,0.0,,,,,,0.0,,,,9,,45,
-96.06,50.18,PINAWA,503B1ER,2023-05-06,2023,05,06,,17.1,,5.9,,11.5,,6.5,,0.0,,,,,,0.0,,,,10,,45,
-101.36,51.18,ROBLIN,5012469,2023-04-01,2023,04,01,,-0.3,,-11.6,,-5.9,,23.9,,0.0,,,,,,0.0,,36,,,,,
-101.36,51.18,ROBLIN,5012469,2023-04-02,2023,04,02,,-2.4,,-11.9,,-7.2,,25.2,,0.0,,,,,,0.0,,36,,9,,49,
-101.36,51.18,ROBLIN,5012469,2023-04-03,2023,04,03,,-7.7,,-17.0,,-12.4,,30.4,,0.0,,,,,,0.0,,35,,,,,
-101.36,51.18,ROBLIN,5012469,2023-04-04,2023,04,04,,-5.0,,-19.4,,-12.2,,30.2,,0.0,,,,,,0.0,,35,,,,,
-101.36,51.18,ROBLIN,5012469,2023-04-05,2023,04,05,,-3.4,,-12.9,,-8.2,,26.2,,0.0,,,,,,0.0,,36,,34,,47,
-101.36,51.18,ROBLIN,5012469,2023-04-06,2023,04,06,,-2.6,,-16.6,,-9.6,,27.6,,0.0,,,,,,0.0,,35,,,,,
-101.36,51.18,ROBLIN,5012469,2023-04-07,2023,04,07,,-1.0,,-16.8,,-8.9,,26.9,,0.0,,,,,,0.0,,35,,15,,34,
-101.36,51.18,ROBLIN,5012469,2023-04-08,2023,04,08,,3.2,,-8.2,,-2.5,,20.5,,0.0,,,,,,0.0,,35,,16,,36,
-101.36,51.18,ROBLIN,5012469,2023-04-09,2023,04,09,,4.3,,-5.8,,-0.7,,18.7,,0.0,,,,,,0.0,,33,,,,,
-101.36,51.18,ROBLIN,5012469,2023-04-10,2023,04,10,,6.8,,-1.9,,2.5,,15.5,,0.0,,,,,,0.0,,26,,20,,35,
-101.36,51.18,ROBLIN,5012469,2023-04-11,2023,04,11,,10.2,,0.7,,5.4,,12.6,,0.0,,,,,,0.0,,18,,10,,38,
-101.36,51.18,ROBLIN,5012469,2023-04-12,2023,04,12,,6.6,,-1.9,,2.3,,15.7,,0.0,,,,,,0.2,,9,,28,,46,
-101.36,51.18,ROBLIN,5012469,2023-04-13,2023,04,13,,6.7,,-4.0,,1.4,,16.6,,0.0,,,,,,2.2,,2,,5,,31,
-101.36,51.18,ROBLIN,5012469,2023-04-14,2023,04,14,,4.4,,-0.9,,1.7,,16.3,,0.0,,,,,,1.7,,0,,2,,36,
-101.36,51.18,ROBLIN,5012469,2023-04-15,2023,04,15,,9.9,,-2.7,,3.6,,14.4,,0.0,,,,,,0.0,,0,,,,,
-101.36,51.18,ROBLIN,5012469,2023-04-16,2023,04,16,,12.5,,-4.3,,4.1,,13.9,,0.0,,,,,,0.0,,0,,,,,
-101.36,51.18,ROBLIN,5012469,2023-04-17,2023,04,17,,8.6,,-2.2,,3.2,,14.8,,0.0,,,,,,0.0,,0,,8,,39,
-101.36,51.18,ROBLIN,5012469,2023-04-18,2023,04,18,,3.4,,-2.7,,0.3,,17.7,,0.0,,,,,,0.8,,0,,8,,51,
-101.36,51.18,ROBLIN,5012469,2023-04-19,2023,04,19,,-0.9,,-3.4,,-2.1,,20.1,,0.0,,,,,,1.9,,0,,8,,60,
-101.36,51.18,ROBLIN,5012469,2023-04-20,2023,04,20,,-0.9,,-3.0,,-2.0,,20.0,,0.0,,,,,,1.4,,7,,8,,54,
-101.36,51.18,ROBLIN,5012469,2023-04-21,2023,04,21,,2.8,,-4.4,,-0.8,,18.8,,0.0,,,,,,0.0,,5,,35,,42,
-101.36,51.18,ROBLIN,5012469,2023-04-22,2023,04,22,,6.1,,-8.2,,-1.0,,19.0,,0.0,,,,,,0.0,,2,,29,,35,
-101.36,51.18,ROBLIN,5012469,2023-04-23,2023,04,23,,6.5,,-6.3,,0.1,,17.9,,0.0,,,,,,0.0,,0,,,,,
-101.36,51.18,ROBLIN,5012469,2023-04-24,2023,04,24,,6.6,,-5.5,,0.5,,17.5,,0.0,,,,,,0.0,,0,,,,,
-101.36,51.18,ROBLIN,5012469,2023-04-25,2023,04,25,,9.0,,-4.3,,2.4,,15.6,,0.0,,,,,,0.0,,0,,15,,39,
-101.36,51.18,ROBLIN,5012469,2023-04-26,2023,04,26,,12.3,,1.5,,6.9,,11.1,,0.0,,,,,,6.9,,1,,28,,48,
-101.36,51.18,ROBLIN,5012469,2023-04-27,2023,04,27,,10.3,,-1.9,,4.2,,13.8,,0.0,,,,,,0.0,,1,,35,,34,
-101.36,51.18,ROBLIN,5012469,2023-04-28,2023,04,28,,10.3,,-4.7,,2.8,,15.2,,0.0,,,,,,0.2,,0,,26,,31,
-101.36,51.18,ROBLIN,5012469,2023-04-29,2023,04,29,,10.8,,-0.4,,5.2,,12.8,,0.0,,,,,,0.0,,1,,34,,56,
-101.36,51.18,ROBLIN,5012469,2023-04-30,2023,04,30,,12.5,,-3.8,,4.4,,13.6,,0.0,,,,,,0.0,,0,,,,,
-101.36,51.18,ROBLIN,5012469,2023-05-01,2023,05,01,,14.1,,-1.8,,6.1,,11.9,,0.0,,,,,,0.0,,,,,,,
-101.36,51.18,ROBLIN,5012469,2023-05-02,2023,05,02,,21.7,,-3.9,,8.9,,9.1,,0.0,,,,,,0.0,,,,25,,40,
-101.36,51.18,ROBLIN,5012469,2023-05-03,2023,05,03,,23.4,,3.8,,13.6,,4.4,,0.0,,,,,,0.0,,,,5,,43,
-101.36,51.18,ROBLIN,5012469,2023-05-04,2023,05,04,,19.2,,4.1,,11.7,,6.3,,0.0,,,,,,0.0,,,,8,,43,
-101.36,51.18,ROBLIN,5012469,2023-05-05,2023,05,05,,15.9,,3.4,,9.7,,8.3,,0.0,,,,,,0.0,,,,9,,51,
-101.36,51.18,ROBLIN,5012469,2023-05-06,2023,05,06,,16.6,,4.4,,10.5,,7.5,,0.0,,,,,,0.0,,,,8,,53,
-100.60,50.45,SHOAL LAKE CS,5012654,2023-04-01,2023,04,01,,-0.8,,-12.7,,-6.8,,24.8,,0.0,,,,,,0.0,,18,,18,,38,
-100.60,50.45,SHOAL LAKE CS,5012654,2023-04-02,2023,04,02,,-2.4,,-10.9,,-6.7,,24.7,,0.0,,,,,,0.4,,18,,2,,52,
-100.60,50.45,SHOAL LAKE CS,5012654,2023-04-03,2023,04,03,,-5.8,,-16.0,,-10.9,,28.9,,0.0,,,,,,0.0,,18,,1,,39,
-100.60,50.45,SHOAL LAKE CS,5012654,2023-04-04,2023,04,04,,-4.4,,-18.6,,-11.5,,29.5,,0.0,,,,,,0.0,,18,,1,,34,
-100.60,50.45,SHOAL LAKE CS,5012654,2023-04-05,2023,04,05,,-3.4,,-10.3,,-6.8,,24.8,,0.0,,,,,,0.0,,16,,36,,51,
-100.60,50.45,SHOAL LAKE CS,5012654,2023-04-06,2023,04,06,,-1.2,,-14.1,,-7.7,,25.7,,0.0,,,,,,0.0,,15,,,,,
-100.60,50.45,SHOAL LAKE CS,5012654,2023-04-07,2023,04,07,,-1.7,,-18.7,,-10.2,,28.2,,0.0,,,,,,0.0,,14,,13,,33,
-100.60,50.45,SHOAL LAKE CS,5012654,2023-04-08,2023,04,08,,2.9,,-7.9,,-2.5,,20.5,,0.0,,,,,,0.0,,15,,15,,39,
-100.60,50.45,SHOAL LAKE CS,5012654,2023-04-09,2023,04,09,,7.5,,-5.6,,0.9,,17.1,,0.0,,,,,,0.0,,9,,,,,
-100.60,50.45,SHOAL LAKE CS,5012654,2023-04-10,2023,04,10,,10.5,,-2.8,,3.9,,14.1,,0.0,,,,,,0.0,,,,29,,34,
-100.60,50.45,SHOAL LAKE CS,5012654,2023-04-11,2023,04,11,,12.8,,-1.5,,5.7,,12.3,,0.0,,,,,,0.0,,,,12,,41,
-100.60,50.45,SHOAL LAKE CS,5012654,2023-04-12,2023,04,12,,6.5,,-0.5,,3.0,,15.0,,0.0,,,,,,0.0,,0,,30,,52,
-100.60,50.45,SHOAL LAKE CS,5012654,2023-04-13,2023,04,13,,6.6,,-2.3,,2.2,,15.8,,0.0,,,,,,0.0,,0,,2,,41,
-100.60,50.45,SHOAL LAKE CS,5012654,2023-04-14,2023,04,14,,3.5,,0.0,,1.7,,16.3,,0.0,,,,,,0.0,,0,,1,,44,
-100.60,50.45,SHOAL LAKE CS,5012654,2023-04-15,2023,04,15,,7.4,,-4.3,,1.6,,16.4,,0.0,,,,,,0.0,,0,,35,,44,
-100.60,50.45,SHOAL LAKE CS,5012654,2023-04-16,2023,04,16,,11.3,,-5.7,,2.8,,15.2,,0.0,,,,,,0.0,,0,,,,,
-100.60,50.45,SHOAL LAKE CS,5012654,2023-04-17,2023,04,17,,9.6,,-4.8,,2.4,,15.6,,0.0,,,,,,0.0,,,,14,,33,
-100.60,50.45,SHOAL LAKE CS,5012654,2023-04-18,2023,04,18,,5.1,,-3.1,,1.0,,17.0,,0.0,,,,,,1.0,,0,,5,,55,
-100.60,50.45,SHOAL LAKE CS,5012654,2023-04-19,2023,04,19,,-0.4,,-3.3,,-1.8,,19.8,,0.0,,,,,,2.5,,6,,6,,60,
-100.60,50.45,SHOAL LAKE CS,5012654,2023-04-20,2023,04,20,,-0.6,,-3.0,,-1.8,,19.8,,0.0,,,,,,1.4,,11,,3,,57,
-100.60,50.45,SHOAL LAKE CS,5012654,2023-04-21,2023,04,21,,1.5,,-5.1,,-1.8,,19.8,,0.0,,,,,,0.0,,7,,35,,55,
-100.60,50.45,SHOAL LAKE CS,5012654,2023-04-22,2023,04,22,,4.9,,-10.4,,-2.7,,20.7,,0.0,,,,,,0.0,,2,,28,,35,
-100.60,50.45,SHOAL LAKE CS,5012654,2023-04-23,2023,04,23,,5.3,,-7.2,,-0.9,,18.9,,0.0,,,,,,0.0,,,,,,,
-100.60,50.45,SHOAL LAKE CS,5012654,2023-04-24,2023,04,24,,6.1,,-7.1,,-0.5,,18.5,,0.0,,,,,,0.0,,,,,,,
-100.60,50.45,SHOAL LAKE CS,5012654,2023-04-25,2023,04,25,,8.5,,-5.5,,1.5,,16.5,,0.0,,,,,,0.0,,,,15,,35,
-100.60,50.45,SHOAL LAKE CS,5012654,2023-04-26,2023,04,26,,12.9,,0.1,,6.5,,11.5,,0.0,,,,,,3.2,,0,,29,,47,
-100.60,50.45,SHOAL LAKE CS,5012654,2023-04-27,2023,04,27,,10.3,,-2.9,,3.7,,14.3,,0.0,,,,,,0.0,,0,,36,,42,
-100.60,50.45,SHOAL LAKE CS,5012654,2023-04-28,2023,04,28,,10.1,,-3.8,,3.2,,14.8,,0.0,,,,,,0.0,,0,,,,,
-100.60,50.45,SHOAL LAKE CS,5012654,2023-04-29,2023,04,29,,10.0,,-1.7,,4.2,,13.8,,0.0,,,,,,0.0,,0,,32,,54,
-100.60,50.45,SHOAL LAKE CS,5012654,2023-04-30,2023,04,30,,11.9,,-4.1,,3.9,,14.1,,0.0,,,,,,0.0,,0,,35,,40,
-100.60,50.45,SHOAL LAKE CS,5012654,2023-05-01,2023,05,01,,11.8,,-4.2,,3.8,,14.2,,0.0,,,,,,0.0,,,,2,,45,
-100.60,50.45,SHOAL LAKE CS,5012654,2023-05-02,2023,05,02,,20.2,,-4.1,,8.1,,9.9,,0.0,,,,,,0.0,,,,21,,34,
-100.60,50.45,SHOAL LAKE CS,5012654,2023-05-03,2023,05,03,,22.0,,2.4,,12.2,,5.8,,0.0,,,,,,0.0,,,,3,,39,
-100.60,50.45,SHOAL LAKE CS,5012654,2023-05-04,2023,05,04,,18.8,,2.9,,10.8,,7.2,,0.0,,,,,,0.0,,,,3,,33,
-100.60,50.45,SHOAL LAKE CS,5012654,2023-05-05,2023,05,05,,16.2,,1.9,,9.1,,8.9,,0.0,,,,,,0.0,,,,8,,48,
-100.60,50.45,SHOAL LAKE CS,5012654,2023-05-06,2023,05,06,,16.5,,2.0,,9.2,,8.8,,0.0,,,,,,0.0,,,,8,,55,
-95.60,49.02,SPRAGUE,5022759,2023-04-01,2023,04,01,,2.1,,-17.6,,-7.8,,25.8,,0.0,,,,,,0.0,,54,,,,,
-95.60,49.02,SPRAGUE,5022759,2023-04-02,2023,04,02,,6.0,,-4.6,,0.7,,17.3,,0.0,,,,,,2.6,,54,,,,,
-95.60,49.02,SPRAGUE,5022759,2023-04-03,2023,04,03,,0.6,,-5.4,,-2.4,,20.4,,0.0,,,,,,1.6,,53,,4,,33,
-95.60,49.02,SPRAGUE,5022759,2023-04-04,2023,04,04,,-3.8,,-7.0,,-5.4,,23.4,,0.0,,,,,,4.9,,55,,3,,42,
-95.60,49.02,SPRAGUE,5022759,2023-04-05,2023,04,05,,-4.4,,-8.6,,-6.5,,24.5,,0.0,,,,,,6.2,,76,,4,,37,
-95.60,49.02,SPRAGUE,5022759,2023-04-06,2023,04,06,,-1.5,,-13.4,,-7.5,,25.5,,0.0,,,,,,0.0,,72,,31,,37,
-95.60,49.02,SPRAGUE,5022759,2023-04-07,2023,04,07,,3.0,,-22.1,,-9.5,,27.5,,0.0,,,,,,0.0,,68,,,,,
-95.60,49.02,SPRAGUE,5022759,2023-04-08,2023,04,08,,9.3,,-15.3,,-3.0,,21.0,,0.0,,,,,,0.0,,64,,8,,32,
-95.60,49.02,SPRAGUE,5022759,2023-04-09,2023,04,09,,11.3,,-0.1,,5.6,,12.4,,0.0,,,,,,0.0,,58,,23,,36,
-95.60,49.02,SPRAGUE,5022759,2023-04-10,2023,04,10,,12.0,,-2.2,,4.9,,13.1,,0.0,,,,,,0.0,,48,,22,,33,
-95.60,49.02,SPRAGUE,5022759,2023-04-11,2023,04,11,,15.4,,-1.3,,7.0,,11.0,,0.0,,,,,,0.0,,38,,19,,31,
-95.60,49.02,SPRAGUE,5022759,2023-04-12,2023,04,12,,16.6,,-0.2,,8.2,,9.8,,0.0,,,,,,0.0,,31,,34,,32,
-95.60,49.02,SPRAGUE,5022759,2023-04-13,2023,04,13,,6.7,,1.2,,4.0,,14.0,,0.0,,,,,,0.0,,21,,8,,55,
-95.60,49.02,SPRAGUE,5022759,2023-04-14,2023,04,14,,5.5,,1.9,,3.7,,14.3,,0.0,,,,,,5.4,,12,,9,,46,
-95.60,49.02,SPRAGUE,5022759,2023-04-15,2023,04,15,,2.3,,-1.7,,0.3,,17.7,,0.0,,,,,,0.0,,6,,34,,40,
-95.60,49.02,SPRAGUE,5022759,2023-04-16,2023,04,16,,8.1,,-1.9,,3.1,,14.9,,0.0,,,,,,0.0,,2,,34,,54,
-95.60,49.02,SPRAGUE,5022759,2023-04-17,2023,04,17,,8.1,,-3.2,,2.5,,15.5,,0.0,,,,,,0.0,,,,35,,48,
-95.60,49.02,SPRAGUE,5022759,2023-04-18,2023,04,18,,7.1,,-5.2,,0.9,,17.1,,0.0,,,,,,0.0,,,,7,,37,
-95.60,49.02,SPRAGUE,5022759,2023-04-19,2023,04,19,,4.2,,-0.8,,1.7,,16.3,,0.0,,,,,,0.6,,,,8,,55,
-95.60,49.02,SPRAGUE,5022759,2023-04-20,2023,04,20,,3.4,,-1.9,,0.7,,17.3,,0.0,,,,,,5.3,,,,9,,48,
-95.60,49.02,SPRAGUE,5022759,2023-04-21,2023,04,21,,0.0,,-3.7,,-1.9,,19.9,,0.0,,,,,,0.6,,3,,2,,52,
-95.60,49.02,SPRAGUE,5022759,2023-04-22,2023,04,22,,3.8,,-7.2,,-1.7,,19.7,,0.0,,,,,,0.0,,2,,31,,33,
-95.60,49.02,SPRAGUE,5022759,2023-04-23,2023,04,23,,3.3,,-5.2,,-0.9,,18.9,,0.0,,,,,,0.0,,,,,,,
-95.60,49.02,SPRAGUE,5022759,2023-04-24,2023,04,24,,6.0,,-3.5,,1.3,,16.7,,0.0,,,,,,0.0,,,,,,,
-95.60,49.02,SPRAGUE,5022759,2023-04-25,2023,04,25,,8.5,,-4.7,,1.9,,16.1,,0.0,,,,,,0.0,,,,,,,
-95.60,49.02,SPRAGUE,5022759,2023-04-26,2023,04,26,,9.1,,-3.7,,2.7,,15.3,,0.0,,,,,,6.4,,,,19,,42,
-95.60,49.02,SPRAGUE,5022759,2023-04-27,2023,04,27,,9.7,,-0.3,,4.7,,13.3,,0.0,,,,,,0.0,,,,35,,32,
-95.60,49.02,SPRAGUE,5022759,2023-04-28,2023,04,28,,10.4,,-1.2,,4.6,,13.4,,0.0,,,,,,0.0,,,,,,,
-95.60,49.02,SPRAGUE,5022759,2023-04-29,2023,04,29,,11.7,,0.5,,6.1,,11.9,,0.0,,,,,,0.0,,,,4,,40,
-95.60,49.02,SPRAGUE,5022759,2023-04-30,2023,04,30,,12.8,,0.6,,6.7,,11.3,,0.0,,,,,,0.0,,,,2,,61,
-95.60,49.02,SPRAGUE,5022759,2023-05-01,2023,05,01,,12.5,,0.9,,6.7,,11.3,,0.0,,,,,,0.0,,,,34,,54,
-95.60,49.02,SPRAGUE,5022759,2023-05-02,2023,05,02,,15.7,,-0.8,,7.4,,10.6,,0.0,,,,,,0.0,,,,34,,39,
-95.60,49.02,SPRAGUE,5022759,2023-05-03,2023,05,03,,23.2,,0.2,,11.7,,6.3,,0.0,,,,,,0.0,,,,32,,48,
-95.60,49.02,SPRAGUE,5022759,2023-05-04,2023,05,04,,18.1,,3.6,,10.8,,7.2,,0.0,,,,,,0.0,,,,8,,36,
-95.60,49.02,SPRAGUE,5022759,2023-05-05,2023,05,05,,17.6,,6.0,,11.8,,6.2,,0.0,,,,,,0.0,,,,8,,51,
-95.60,49.02,SPRAGUE,5022759,2023-05-06,2023,05,06,,14.7,,5.6,,10.1,,7.9,,0.0,,,,,,0.0,,,,7,,44,
-101.23,52.11,SWAN RIVER RCS,504K80K,2023-04-01,2023,04,01,,1.9,,-14.5,,-6.3,,24.3,,0.0,,,,,,0.0,,41,,,,,
-101.23,52.11,SWAN RIVER RCS,504K80K,2023-04-02,2023,04,02,,-3.8,,-13.0,,-8.4,,26.4,,0.0,,,,,,0.0,,41,,3,,57,
-101.23,52.11,SWAN RIVER RCS,504K80K,2023-04-03,2023,04,03,,-9.0,,-19.0,,-14.0,,32.0,,0.0,,,,,,0.0,,40,,5,,32,
-101.23,52.11,SWAN RIVER RCS,504K80K,2023-04-04,2023,04,04,,-4.7,,-21.9,,-13.3,,31.3,,0.0,,,,,,0.0,,40,,,,,
-101.23,52.11,SWAN RIVER RCS,504K80K,2023-04-05,2023,04,05,,-2.1,,-17.2,,-9.7,,27.7,,0.0,,,,,,0.0,,40,,2,,42,
-101.23,52.11,SWAN RIVER RCS,504K80K,2023-04-06,2023,04,06,,1.1,,-14.1,,-6.5,,24.5,,0.0,,,,,,0.0,,40,,,,,
-101.23,52.11,SWAN RIVER RCS,504K80K,2023-04-07,2023,04,07,,0.8,,-17.5,,-8.3,,26.3,,0.0,,,,,,0.0,,40,,,,,
-101.23,52.11,SWAN RIVER RCS,504K80K,2023-04-08,2023,04,08,,7.6,,-12.9,,-2.6,,20.6,,0.0,,,,,,0.0,,39,,,,,
-101.23,52.11,SWAN RIVER RCS,504K80K,2023-04-09,2023,04,09,,5.8,,-2.4,,1.7,,16.3,,0.0,,,,,,0.0,,35,,22,,48,
-101.23,52.11,SWAN RIVER RCS,504K80K,2023-04-10,2023,04,10,,7.6,,-2.0,,2.8,,15.2,,0.0,,,,,,0.0,,27,,22,,42,
-101.23,52.11,SWAN RIVER RCS,504K80K,2023-04-11,2023,04,11,,9.8,,0.7,,5.2,,12.8,,0.0,,,,,,0.2,,13,,2,,36,
-101.23,52.11,SWAN RIVER RCS,504K80K,2023-04-12,2023,04,12,,10.5,,0.5,,5.5,,12.5,,0.0,,,,,,0.0,,,,24,,42,
-101.23,52.11,SWAN RIVER RCS,504K80K,2023-04-13,2023,04,13,,10.3,,-0.8,,4.8,,13.2,,0.0,,,,,,0.0,,,,,,,
-101.23,52.11,SWAN RIVER RCS,504K80K,2023-04-14,2023,04,14,,6.7,,0.6,,3.7,,14.3,,0.0,,,,,,6.4,,,,3,,39,
-101.23,52.11,SWAN RIVER RCS,504K80K,2023-04-15,2023,04,15,,8.8,,-3.4,,2.7,,15.3,,0.0,,,,,,0.0,,,,,,,
-101.23,52.11,SWAN RIVER RCS,504K80K,2023-04-16,2023,04,16,,13.6,,-3.0,,5.3,,12.7,,0.0,,,,,,0.0,,,,27,,34,
-101.23,52.11,SWAN RIVER RCS,504K80K,2023-04-17,2023,04,17,,10.2,,-3.0,,3.6,,14.4,,0.0,,,,,,0.0,,,,7,,37,
-101.23,52.11,SWAN RIVER RCS,504K80K,2023-04-18,2023,04,18,,4.8,,-2.0,,1.4,,16.6,,0.0,,,,,,0.0,,,,6,,38,
-101.23,52.11,SWAN RIVER RCS,504K80K,2023-04-19,2023,04,19,,0.0,,-3.6,,-1.8,,19.8,,0.0,,,,,,6.5,,,,4,,52,
-101.23,52.11,SWAN RIVER RCS,504K80K,2023-04-20,2023,04,20,,0.0,,-3.1,,-1.6,,19.6,,0.0,,,,,,2.2,,2,,3,,51,
-101.23,52.11,SWAN RIVER RCS,504K80K,2023-04-21,2023,04,21,,3.7,,-3.5,,0.1,,17.9,,0.0,,,,,,0.0,,6,,2,,48,
-101.23,52.11,SWAN RIVER RCS,504K80K,2023-04-22,2023,04,22,,6.6,,-9.4,,-1.4,,19.4,,0.0,,,,,,0.0,,2,,,,,
-101.23,52.11,SWAN RIVER RCS,504K80K,2023-04-23,2023,04,23,,5.7,,-7.4,,-0.9,,18.9,,0.0,,,,,,0.0,,,,4,,31,
-101.23,52.11,SWAN RIVER RCS,504K80K,2023-04-24,2023,04,24,,8.6,,-6.9,,0.8,,17.2,,0.0,,,,,,0.0,,,,,,,
-101.23,52.11,SWAN RIVER RCS,504K80K,2023-04-25,2023,04,25,,11.7,,-3.8,,4.0,,14.0,,0.0,,,,,,0.0,,,,,,,
-101.23,52.11,SWAN RIVER RCS,504K80K,2023-04-26,2023,04,26,,11.9,,0.2,,6.0,,12.0,,0.0,,,,,,18.5,,,,26,,46,
-101.23,52.11,SWAN RIVER RCS,504K80K,2023-04-27,2023,04,27,,6.5,,-1.2,,2.7,,15.3,,0.0,,,,,,0.0,,,,4,,34,
-101.23,52.11,SWAN RIVER RCS,504K80K,2023-04-28,2023,04,28,,11.2,,-2.7,,4.3,,13.7,,0.0,,,,,,0.6,,,,24,,32,
-101.23,52.11,SWAN RIVER RCS,504K80K,2023-04-29,2023,04,29,,10.4,,1.7,,6.0,,12.0,,0.0,,,,,,2.1,,,,35,,53,
-101.23,52.11,SWAN RIVER RCS,504K80K,2023-04-30,2023,04,30,,12.4,,-2.3,,5.0,,13.0,,0.0,,,,,,0.0,,,,,,,
-101.23,52.11,SWAN RIVER RCS,504K80K,2023-05-01,2023,05,01,,14.0,,-4.5,,4.8,,13.2,,0.0,,,,,,0.0,,,,,,,
-101.23,52.11,SWAN RIVER RCS,504K80K,2023-05-02,2023,05,02,,23.3,,-2.2,,10.6,,7.4,,0.0,,,,,,0.0,,,,22,,41,
-101.23,52.11,SWAN RIVER RCS,504K80K,2023-05-03,2023,05,03,,22.7,,3.4,,13.1,,4.9,,0.0,,,,,,0.0,,,,6,,45,
-101.23,52.11,SWAN RIVER RCS,504K80K,2023-05-04,2023,05,04,,18.8,,1.5,,10.2,,7.8,,0.0,,,,,,0.0,,,,7,,43,
-101.23,52.11,SWAN RIVER RCS,504K80K,2023-05-05,2023,05,05,,17.0,,2.7,,9.8,,8.2,,0.0,,,,,,0.0,,,,7,,38,
-101.23,52.11,SWAN RIVER RCS,504K80K,2023-05-06,2023,05,06,,16.9,,3.5,,10.2,,7.8,,0.0,,,,,,0.0,,,,6,,41,
-101.09,53.97,THE PAS A,5052882,2023-04-01,2023,04,01,,-1.8,,-8.3,,-5.1,,23.1,,0.0,,,,,,0.0,,,,7,,48,
-101.09,53.97,THE PAS A,5052882,2023-04-02,2023,04,02,,-6.8,,-14.6,,-10.7,,28.7,,0.0,,,,,,0.0,,,,5,,52,
-101.09,53.97,THE PAS A,5052882,2023-04-03,2023,04,03,,-8.9,,-22.9,,-15.9,,33.9,,0.0,,,,,,0.0,,,,,M,,M
-101.09,53.97,THE PAS A,5052882,2023-04-04,2023,04,04,,-4.0,,-24.0,,-14.0,,32.0,,0.0,,,,,,0.0,,,,,M,,M
-101.09,53.97,THE PAS A,5052882,2023-04-05,2023,04,05,,0.5,,-19.0,,-9.3,,27.3,,0.0,,,,,,0.0,,,,,M,,M
-101.09,53.97,THE PAS A,5052882,2023-04-06,2023,04,06,,0.3,,-15.3,,-7.5,,25.5,,0.0,,,,,,0.0,,,,,M,,M
-101.09,53.97,THE PAS A,5052882,2023-04-07,2023,04,07,,2.6,,-14.1,,-5.8,,23.8,,0.0,,,,,,0.0,,,,15,,37,
-101.09,53.97,THE PAS A,5052882,2023-04-08,2023,04,08,,6.5,,-9.9,,-1.7,,19.7,,0.0,,,,,,0.0,,,,14,,48,
-101.09,53.97,THE PAS A,5052882,2023-04-09,2023,04,09,,12.2,,-2.0,,5.1,,12.9,,0.0,,,,,,0.0,,,,,M,,M
-101.09,53.97,THE PAS A,5052882,2023-04-10,2023,04,10,,12.7,,-1.6,,5.6,,12.4,,0.0,,,,,,0.0,,,,25,,50,
-101.09,53.97,THE PAS A,5052882,2023-04-11,2023,04,11,,8.4,,2.2,,5.3,,12.7,,0.0,,,,,,0.0,,,,5,,35,
-101.09,53.97,THE PAS A,5052882,2023-04-12,2023,04,12,,8.2,,-3.7,,2.3,,15.7,,0.0,,,,,,0.0,,,,27,,46,
-101.09,53.97,THE PAS A,5052882,2023-04-13,2023,04,13,,10.2,,-2.7,,3.8,,14.2,,0.0,,,,,,0.0,,,,,M,,M
-101.09,53.97,THE PAS A,5052882,2023-04-14,2023,04,14,,9.4,,0.8,,5.1,,12.9,,0.0,,,,,,0.0,,,,,M,,M
-101.09,53.97,THE PAS A,5052882,2023-04-15,2023,04,15,,8.4,,-0.9,,3.8,,14.2,,0.0,,,,,,0.0,,,,12,,33,
-101.09,53.97,THE PAS A,5052882,2023-04-16,2023,04,16,,9.1,,-1.6,,3.8,,14.2,,0.0,,,,,,0.0,,,,14,,39,
-101.09,53.97,THE PAS A,5052882,2023-04-17,2023,04,17,,6.9,,-1.7,,2.6,,15.4,,0.0,,,,,,0.0,,,,10,,39,
-101.09,53.97,THE PAS A,5052882,2023-04-18,2023,04,18,,1.8,,-3.9,,-1.1,,19.1,,0.0,,,,,,0.0,,,,10,,42,
-101.09,53.97,THE PAS A,5052882,2023-04-19,2023,04,19,,1.6,,-3.7,,-1.1,,19.1,,0.0,,,,,,0.0,,,,5,,42,
-101.09,53.97,THE PAS A,5052882,2023-04-20,2023,04,20,,3.0,,-4.2,,-0.6,,18.6,,0.0,,,,,,0.0,,,,5,,41,
-101.09,53.97,THE PAS A,5052882,2023-04-21,2023,04,21,,6.2,,-3.2,,1.5,,16.5,,0.0,,,,,,0.0,,,,,M,,M
-101.09,53.97,THE PAS A,5052882,2023-04-22,2023,04,22,,7.7,,-4.4,,1.7,,16.3,,0.0,,,,,,0.0,,,,,M,,M
-101.09,53.97,THE PAS A,5052882,2023-04-23,2023,04,23,,6.7,,-5.8,,0.5,,17.5,,0.0,,,,,,0.0,,,,,M,,M
-101.09,53.97,THE PAS A,5052882,2023-04-24,2023,04,24,,6.8,,-5.3,,0.8,,17.2,,0.0,,,,,,0.0,,,,13,,33,
-101.09,53.97,THE PAS A,5052882,2023-04-25,2023,04,25,,7.6,,-3.5,,2.1,,15.9,,0.0,,,,,,0.0,,,,13,,52,
-101.09,53.97,THE PAS A,5052882,2023-04-26,2023,04,26,,4.5,,0.2,,2.4,,15.6,,0.0,,,,,,11.9,,,,13,,45,
-101.09,53.97,THE PAS A,5052882,2023-04-27,2023,04,27,,9.8,,-0.2,,4.8,,13.2,,0.0,,,,,,0.0,,,,,M,,M
-101.09,53.97,THE PAS A,5052882,2023-04-28,2023,04,28,,10.9,,-2.3,,4.3,,13.7,,0.0,,,,,,0.4,,,,22,,41,
-101.09,53.97,THE PAS A,5052882,2023-04-29,2023,04,29,,7.5,,1.1,,4.3,,13.7,,0.0,,,,,,0.0,,,,31,,35,
-101.09,53.97,THE PAS A,5052882,2023-04-30,2023,04,30,,10.8,,-1.4,,4.7,,13.3,,0.0,,,,,,0.0,,,,35,,32,
-101.09,53.97,THE PAS A,5052882,2023-05-01,2023,05,01,,14.4,,-4.3,,5.1,,12.9,,0.0,,,,,,0.0,,,,,M,,M
-101.09,53.97,THE PAS A,5052882,2023-05-02,2023,05,02,,23.9,,1.5,,12.7,,5.3,,0.0,,,,,,0.0,,,,31,,46,
-101.09,53.97,THE PAS A,5052882,2023-05-03,2023,05,03,,,M,,M,,M,,M,,M,,,,,,M,,,,M,,M
-101.09,53.97,THE PAS A,5052882,2023-05-04,2023,05,04,,16.9,,0.9,,8.9,,9.1,,0.0,,,,,,0.0,,,,,M,,M
-101.09,53.97,THE PAS A,5052882,2023-05-05,2023,05,05,,16.6,,3.2,,9.9,,8.1,,0.0,,,,,,0.0,,,,10,,42,
-101.09,53.97,THE PAS A,5052882,2023-05-06,2023,05,06,,17.7,,6.3,,12.0,,6.0,,0.0,,,,,,0.0,,,,9,,42,
-99.94,50.66,WASAGAMING,5013117,2023-04-01,2023,04,01,,1.3,,-14.8,,-6.8,,24.8,,0.0,,,,,,0.0,,40,,,,,
-99.94,50.66,WASAGAMING,5013117,2023-04-02,2023,04,02,,-2.1,,-11.4,,-6.8,,24.8,,0.0,,,,,,0.0,,38,,4,,46,
-99.94,50.66,WASAGAMING,5013117,2023-04-03,2023,04,03,,-6.5,,-16.8,,-11.7,,29.7,,0.0,,,,,,0.0,,38,,2,,32,
-99.94,50.66,WASAGAMING,5013117,2023-04-04,2023,04,04,,-4.9,,-20.7,,-12.8,,30.8,,0.0,,,,,,0.0,,38,,5,,36,
-99.94,50.66,WASAGAMING,5013117,2023-04-05,2023,04,05,,-5.0,,-10.1,,-7.6,,25.6,,0.0,,,,,,1.1,,38,,35,,43,
-99.94,50.66,WASAGAMING,5013117,2023-04-06,2023,04,06,,0.2,,-12.0,,-5.9,,23.9,,0.0,,,,,,0.0,,42,,,,,
-99.94,50.66,WASAGAMING,5013117,2023-04-07,2023,04,07,,-0.6,,-17.1,,-8.9,,26.9,,0.0,,,,,,0.0,,39,,,,,
-99.94,50.66,WASAGAMING,5013117,2023-04-08,2023,04,08,,5.0,,-6.4,,-0.7,,18.7,,0.0,,,,,,0.0,,39,,15,,35,
-99.94,50.66,WASAGAMING,5013117,2023-04-09,2023,04,09,,8.4,,-4.1,,2.2,,15.8,,0.0,,,,,,0.0,,36,,,,,
-99.94,50.66,WASAGAMING,5013117,2023-04-10,2023,04,10,,10.8,,-4.4,,3.2,,14.8,,0.0,,,,,,0.0,,24,,26,,33,
-99.94,50.66,WASAGAMING,5013117,2023-04-11,2023,04,11,,14.8,,-1.3,,6.8,,11.2,,0.0,,,,,,0.0,,14,,17,,34,
-99.94,50.66,WASAGAMING,5013117,2023-04-12,2023,04,12,,7.6,,-0.2,,3.7,,14.3,,0.0,,,,,,0.0,,2,,28,,34,
-99.94,50.66,WASAGAMING,5013117,2023-04-13,2023,04,13,,6.2,,-2.8,,1.7,,16.3,,0.0,,,,,,0.9,,,,36,,39,
-99.94,50.66,WASAGAMING,5013117,2023-04-14,2023,04,14,,2.0,,-0.5,,0.7,,17.3,,0.0,,,,,,1.6,,,,5,,40,
-99.94,50.66,WASAGAMING,5013117,2023-04-15,2023,04,15,,4.9,,-4.2,,0.4,,17.6,,0.0,,,,,,0.1,,,,35,,35,
-99.94,50.66,WASAGAMING,5013117,2023-04-16,2023,04,16,,11.2,,-7.5,,1.8,,16.2,,0.0,,,,,,0.0,,,,,,,
-99.94,50.66,WASAGAMING,5013117,2023-04-17,2023,04,17,,8.4,,-6.0,,1.2,,16.8,,0.0,,,,,,0.0,,,,,,,
-99.94,50.66,WASAGAMING,5013117,2023-04-18,2023,04,18,,4.8,,-2.3,,1.2,,16.8,,0.0,,,,,,9.2,,,,7,,33,
-99.94,50.66,WASAGAMING,5013117,2023-04-19,2023,04,19,,-1.2,,-4.0,,-2.6,,20.6,,0.0,,,,,,4.6,,4,,8,,47,
-99.94,50.66,WASAGAMING,5013117,2023-04-20,2023,04,20,,-1.6,,-3.5,,-2.6,,20.6,,0.0,,,,,,5.3,,5,,4,,34,
-99.94,50.66,WASAGAMING,5013117,2023-04-21,2023,04,21,,0.8,,-4.6,,-1.9,,19.9,,0.0,,,,,,0.0,,8,,35,,47,
-99.94,50.66,WASAGAMING,5013117,2023-04-22,2023,04,22,,3.2,,-12.1,,-4.4,,22.4,,0.0,,,,,,0.0,,2,,3,,36,
-99.94,50.66,WASAGAMING,5013117,2023-04-23,2023,04,23,,2.8,,-8.9,,-3.1,,21.1,,0.0,,,,,,0.0,,,,,,,
-99.94,50.66,WASAGAMING,5013117,2023-04-24,2023,04,24,,5.5,,-9.3,,-1.9,,19.9,,0.0,,,,,,0.0,,,,16,,33,
-99.94,50.66,WASAGAMING,5013117,2023-04-25,2023,04,25,,8.1,,-8.5,,-0.2,,18.2,,0.0,,,,,,0.0,,,,,,,
-99.94,50.66,WASAGAMING,5013117,2023-04-26,2023,04,26,,11.2,,-1.4,,4.9,,13.1,,0.0,,,,,,3.5,,,,26,,31,
-99.94,50.66,WASAGAMING,5013117,2023-04-27,2023,04,27,,7.9,,-4.0,,1.9,,16.1,,0.0,,,,,,0.0,,,,1,,31,
-99.94,50.66,WASAGAMING,5013117,2023-04-28,2023,04,28,,10.3,,-3.5,,3.4,,14.6,,0.0,,,,,,0.0,,,,,,,
-99.94,50.66,WASAGAMING,5013117,2023-04-29,2023,04,29,,6.5,,1.1,,3.8,,14.2,,0.0,,,,,,2.7,,,,34,,42,
-99.94,50.66,WASAGAMING,5013117,2023-04-30,2023,04,30,,10.5,,-2.7,,3.9,,14.1,,0.0,,,,,,0.0,,,,3,,35,
-99.94,50.66,WASAGAMING,5013117,2023-05-01,2023,05,01,,9.5,,-5.1,,2.2,,15.8,,0.0,,,,,,0.0,,,,3,,37,
-99.94,50.66,WASAGAMING,5013117,2023-05-02,2023,05,02,,19.3,,-5.5,,6.9,,11.1,,0.0,,,,,,0.0,,,,,,,
-99.94,50.66,WASAGAMING,5013117,2023-05-03,2023,05,03,,20.0,,1.2,,10.6,,7.4,,0.0,,,,,,0.0,,,,1,,34,
-99.94,50.66,WASAGAMING,5013117,2023-05-04,2023,05,04,,15.6,,0.0,,7.8,,10.2,,0.0,,,,,,0.0,,,,3,,32,
-99.94,50.66,WASAGAMING,5013117,2023-05-05,2023,05,05,,15.0,,4.0,,9.5,,8.5,,0.0,,,,,,0.0,,,,13,,40,
-99.94,50.66,WASAGAMING,5013117,2023-05-06,2023,05,06,,15.2,,2.4,,8.8,,9.2,,0.0,,,,,,0.0,,,,6,,41,
-97.24,49.91,WINNIPEG INTL A,5023227,2023-04-01,2023,04,01,,-0.3,,-15.9,,-8.1,,26.1,,0.0,,,M,,M,,M,,,18,,42,
-97.24,49.91,WINNIPEG INTL A,5023227,2023-04-02,2023,04,02,,2.9,,-6.1,,-1.6,,19.6,,0.0,,,M,,M,,M,,,2,,53,
-97.24,49.91,WINNIPEG INTL A,5023227,2023-04-03,2023,04,03,,-2.6,,-10.9,,-6.8,,24.8,,0.0,,,M,,M,,M,,,1,,37,
-97.24,49.91,WINNIPEG INTL A,5023227,2023-04-04,2023,04,04,,-1.9,,-11.6,,-6.8,,24.8,,0.0,,,M,,M,,M,,,5,,44,
-97.24,49.91,WINNIPEG INTL A,5023227,2023-04-05,2023,04,05,,-4.8,,-8.0,,-6.4,,24.4,,0.0,,,M,,M,,M,,,1,,53,
-97.24,49.91,WINNIPEG INTL A,5023227,2023-04-06,2023,04,06,,-2.5,,-10.1,,-6.3,,24.3,,0.0,,,M,,M,,M,,,,M,,M
-97.24,49.91,WINNIPEG INTL A,5023227,2023-04-07,2023,04,07,,0.5,,-13.6,,-6.6,,24.6,,0.0,,,M,,M,,M,,,,M,,M
-97.24,49.91,WINNIPEG INTL A,5023227,2023-04-08,2023,04,08,,8.5,,-7.1,,0.7,,17.3,,0.0,,,M,,M,,M,,,15,,35,
-97.24,49.91,WINNIPEG INTL A,5023227,2023-04-09,2023,04,09,,8.0,,-3.0,,2.5,,15.5,,0.0,,,M,,M,,M,,,,M,,M
-97.24,49.91,WINNIPEG INTL A,5023227,2023-04-10,2023,04,10,,8.6,,-1.1,,3.8,,14.2,,0.0,,,M,,M,,M,,,18,,38,
-97.24,49.91,WINNIPEG INTL A,5023227,2023-04-11,2023,04,11,,13.7,,-0.9,,6.4,,11.6,,0.0,,,M,,M,,M,,,17,,32,
-97.24,49.91,WINNIPEG INTL A,5023227,2023-04-12,2023,04,12,,14.1,,0.4,,7.3,,10.7,,0.0,,,M,,M,,M,,,,M,,M
-97.24,49.91,WINNIPEG INTL A,5023227,2023-04-13,2023,04,13,,8.3,,2.5,,5.4,,12.6,,0.0,,,M,,M,,M,,,7,,41,
-97.24,49.91,WINNIPEG INTL A,5023227,2023-04-14,2023,04,14,,4.9,,1.3,,3.1,,14.9,,0.0,,,M,,M,,M,,,,M,,M
-97.24,49.91,WINNIPEG INTL A,5023227,2023-04-15,2023,04,15,,1.3,,-0.5,,0.4,,17.6,,0.0,,,M,,M,,M,,,1,,41,
-97.24,49.91,WINNIPEG INTL A,5023227,2023-04-16,2023,04,16,,9.3,,-1.3,,4.0,,14.0,,0.0,,,M,,M,,M,,,36,,40,
-97.24,49.91,WINNIPEG INTL A,5023227,2023-04-17,2023,04,17,,7.7,,-2.7,,2.5,,15.5,,0.0,,,M,,M,,M,,,,M,,M
-97.24,49.91,WINNIPEG INTL A,5023227,2023-04-18,2023,04,18,,9.2,,-3.5,,2.9,,15.1,,0.0,,,M,,M,,M,,,7,,42,
-97.24,49.91,WINNIPEG INTL A,5023227,2023-04-19,2023,04,19,,4.6,,0.0,,2.3,,15.7,,0.0,,,M,,M,,M,,,11,,49,
-97.24,49.91,WINNIPEG INTL A,5023227,2023-04-20,2023,04,20,,3.5,,-0.2,,1.7,,16.3,,0.0,,,M,,M,,M,,,7,,51,
-97.24,49.91,WINNIPEG INTL A,5023227,2023-04-21,2023,04,21,,6.7,,-1.6,,2.6,,15.4,,0.0,,,M,,M,,M,,,3,,61,
-97.24,49.91,WINNIPEG INTL A,5023227,2023-04-22,2023,04,22,,4.4,,-4.0,,0.2,,17.8,,0.0,,,M,,M,,M,,,,M,,M
-97.24,49.91,WINNIPEG INTL A,5023227,2023-04-23,2023,04,23,,5.1,,-5.6,,-0.3,,18.3,,0.0,,,M,,M,,M,,,,M,,M
-97.24,49.91,WINNIPEG INTL A,5023227,2023-04-24,2023,04,24,,7.1,,-4.6,,1.3,,16.7,,0.0,,,M,,M,,M,,,,M,,M
-97.24,49.91,WINNIPEG INTL A,5023227,2023-04-25,2023,04,25,,10.5,,-5.6,,2.5,,15.5,,0.0,,,M,,M,,M,,,,M,,M
-97.24,49.91,WINNIPEG INTL A,5023227,2023-04-26,2023,04,26,,8.1,,-1.5,,3.3,,14.7,,0.0,,,M,,M,,M,,,17,,60,
-97.24,49.91,WINNIPEG INTL A,5023227,2023-04-27,2023,04,27,,11.6,,-0.9,,5.4,,12.6,,0.0,,,M,,M,,M,,,,M,,M
-97.24,49.91,WINNIPEG INTL A,5023227,2023-04-28,2023,04,28,,11.3,,2.0,,6.7,,11.3,,0.0,,,M,,M,,M,,,,M,,M
-97.24,49.91,WINNIPEG INTL A,5023227,2023-04-29,2023,04,29,,11.8,,-1.1,,5.4,,12.6,,0.0,,,M,,M,,M,,,,M,,M
-97.24,49.91,WINNIPEG INTL A,5023227,2023-04-30,2023,04,30,,13.7,,-2.0,,5.9,,12.1,,0.0,,,M,,M,,M,,,1,,40,
-97.24,49.91,WINNIPEG INTL A,5023227,2023-05-01,2023,05,01,,12.3,,-2.0,,5.2,,12.8,,0.0,,,M,,M,,M,,,3,,46,
-97.24,49.91,WINNIPEG INTL A,5023227,2023-05-02,2023,05,02,,17.6,,-4.0,,6.8,,11.2,,0.0,,,M,,M,,M,,,21,,31,
-97.24,49.91,WINNIPEG INTL A,5023227,2023-05-03,2023,05,03,,22.2,,3.0,,12.6,,5.4,,0.0,,,M,,M,,M,,,1,,39,
-97.24,49.91,WINNIPEG INTL A,5023227,2023-05-04,2023,05,04,,19.6,,-0.1,,9.8,,8.2,,0.0,,,M,,M,,M,,,2,,35,
-97.24,49.91,WINNIPEG INTL A,5023227,2023-05-05,2023,05,05,,19.7,,4.7,,12.2,,5.8,,0.0,,,M,,M,,M,,,10,,37,
-97.24,49.91,WINNIPEG INTL A,5023227,2023-05-06,2023,05,06,,17.9,,4.6,,11.3,,6.7,,0.0,,,M,,M,,M,,,8,,42,
-98.28,49.90,PORTAGE SOUTHPORT,5012324,2023-04-01,2023,04,01,,1.0,,-10.6,,-4.8,,22.8,,0.0,,,,,,0.0,,13,,17,,38,
-98.28,49.90,PORTAGE SOUTHPORT,5012324,2023-04-02,2023,04,02,,0.0,,-9.2,,-4.6,,22.6,,0.0,,,,,,1.1,,11,,36,,52,
-98.28,49.90,PORTAGE SOUTHPORT,5012324,2023-04-03,2023,04,03,,-4.0,,-13.0,,-8.5,,26.5,,0.0,,,,,,0.0,,16,,35,,47,
-98.28,49.90,PORTAGE SOUTHPORT,5012324,2023-04-04,2023,04,04,,-3.1,,-13.8,,-8.4,,26.4,,0.0,,,,,,0.5,,16,,3,,38,
-98.28,49.90,PORTAGE SOUTHPORT,5012324,2023-04-05,2023,04,05,,-5.3,,-7.5,,-6.4,,24.4,,0.0,,,,,,3.3,,19,,32,,68,
-98.28,49.90,PORTAGE SOUTHPORT,5012324,2023-04-06,2023,04,06,,-2.4,,-9.5,,-5.9,,23.9,,0.0,,,,,,0.0,,19,,33,,42,
-98.28,49.90,PORTAGE SOUTHPORT,5012324,2023-04-07,2023,04,07,,-2.9,,-15.5,,-9.2,,27.2,,0.0,,,,,,0.0,,19,,14,,31,
-98.28,49.90,PORTAGE SOUTHPORT,5012324,2023-04-08,2023,04,08,,3.4,,-17.1,,-6.9,,24.9,,0.0,,,,,,0.0,,18,,13,,36,
-98.28,49.90,PORTAGE SOUTHPORT,5012324,2023-04-09,2023,04,09,,9.8,,-4.2,,2.8,,15.2,,0.0,,,,,,0.0,,17,,,,,
-98.28,49.90,PORTAGE SOUTHPORT,5012324,2023-04-10,2023,04,10,,11.9,,2.4,,7.2,,10.8,,0.0,,,,,,0.0,,10,,19,,37,
-98.28,49.90,PORTAGE SOUTHPORT,5012324,2023-04-11,2023,04,11,,10.4,,0.8,,5.6,,12.4,,0.0,,,,,,0.0,,1,,16,,32,
-98.28,49.90,PORTAGE SOUTHPORT,5012324,2023-04-12,2023,04,12,,13.5,,4.3,,8.9,,9.1,,0.0,,,,,,0.0,,1,,27,,35,
-98.28,49.90,PORTAGE SOUTHPORT,5012324,2023-04-13,2023,04,13,,8.6,,1.8,,5.2,,12.8,,0.0,,,,,,0.0,,1,,5,,45,
-98.28,49.90,PORTAGE SOUTHPORT,5012324,2023-04-14,2023,04,14,,4.5,,0.8,,2.6,,15.4,,0.0,,,,,,0.0,,1,,33,,36,
-98.28,49.90,PORTAGE SOUTHPORT,5012324,2023-04-15,2023,04,15,,3.0,,-2.0,,0.5,,17.5,,0.0,,,,,,0.0,,0,,34,,48,
-98.28,49.90,PORTAGE SOUTHPORT,5012324,2023-04-16,2023,04,16,,9.3,,-2.9,,3.2,,14.8,,0.0,,,,,,0.0,,0,,32,,41,
-98.28,49.90,PORTAGE SOUTHPORT,5012324,2023-04-17,2023,04,17,,7.6,,-3.0,,2.3,,15.7,,0.0,,,,,,0.0,,0,,,,,
-98.28,49.90,PORTAGE SOUTHPORT,5012324,2023-04-18,2023,04,18,,6.9,,-3.5,,1.7,,16.3,,0.0,,,,,,0.0,,0,,5,,50,
-98.28,49.90,PORTAGE SOUTHPORT,5012324,2023-04-19,2023,04,19,,2.6,,-0.3,,1.1,,16.9,,0.0,,,,,,0.0,,0,,8,,55,
-98.28,49.90,PORTAGE SOUTHPORT,5012324,2023-04-20,2023,04,20,,2.0,,-0.6,,0.7,,17.3,,0.0,,,,,,8.0,,0,,3,,46,
-98.28,49.90,PORTAGE SOUTHPORT,5012324,2023-04-21,2023,04,21,,3.4,,-2.2,,0.6,,17.4,,0.0,,,,,,0.0,,6,,34,,66,
-98.28,49.90,PORTAGE SOUTHPORT,5012324,2023-04-22,2023,04,22,,4.5,,-4.0,,0.2,,17.8,,0.0,,,,,,0.0,,0,,31,,40,
-98.28,49.90,PORTAGE SOUTHPORT,5012324,2023-04-23,2023,04,23,,5.6,,-2.7,,1.5,,16.5,,0.0,,,,,,0.0,,0,,33,,31,
-98.28,49.90,PORTAGE SOUTHPORT,5012324,2023-04-24,2023,04,24,,5.3,,-1.7,,1.8,,16.2,,0.0,,,,,,0.0,,0,,,,,
-98.28,49.90,PORTAGE SOUTHPORT,5012324,2023-04-25,2023,04,25,,10.1,,-4.6,,2.8,,15.2,,0.0,,,,,,0.0,,1,,,,,
-98.28,49.90,PORTAGE SOUTHPORT,5012324,2023-04-26,2023,04,26,,10.9,,1.2,,6.1,,11.9,,0.0,,,,,,5.1,,1,,12,,49,
-98.28,49.90,PORTAGE SOUTHPORT,5012324,2023-04-27,2023,04,27,,11.3,,1.7,,6.5,,11.5,,0.0,,,,,,0.0,,1,,35,,40,
-98.28,49.90,PORTAGE SOUTHPORT,5012324,2023-04-28,2023,04,28,,12.4,,2.1,,7.3,,10.7,,0.0,,,,,,1.6,,1,,,,,
-98.28,49.90,PORTAGE SOUTHPORT,5012324,2023-04-29,2023,04,29,,9.2,,1.8,,5.5,,12.5,,0.0,,,,,,0.6,,2,,35,,45,
-98.28,49.90,PORTAGE SOUTHPORT,5012324,2023-04-30,2023,04,30,,12.6,,0.3,,6.5,,11.5,,0.0,,,,,,0.0,,2,,33,,56,
-98.28,49.90,PORTAGE SOUTHPORT,5012324,2023-05-01,2023,05,01,,10.9,,-0.1,,5.4,,12.6,,0.0,,,,,,0.0,,,,36,,46,
-98.28,49.90,PORTAGE SOUTHPORT,5012324,2023-05-02,2023,05,02,,19.1,,0.3,,9.7,,8.3,,0.0,,,,,,0.0,,,,,,,
-98.28,49.90,PORTAGE SOUTHPORT,5012324,2023-05-03,2023,05,03,,21.4,,8.6,,15.0,,3.0,,0.0,,,,,,0.0,,,,33,,37,
-98.28,49.90,PORTAGE SOUTHPORT,5012324,2023-05-04,2023,05,04,,18.0,,4.5,,11.3,,6.7,,0.0,,,,,,0.0,,,,35,,36,
-98.28,49.90,PORTAGE SOUTHPORT,5012324,2023-05-05,2023,05,05,,18.4,,3.2,,10.8,,7.2,,0.0,,,,,,0.6,,,,7,,44,
-98.28,49.90,PORTAGE SOUTHPORT,5012324,2023-05-06,2023,05,06,,17.6,,4.0,,10.8,,7.2,,0.0,,,,,,0.0,,,,8,,47,
-97.05,50.63,GIMLI CLIMATE,5031042,2023-04-01,2023,04,01,,0.9,,-13.6,,-6.3,,24.3,,0.0,,,,,,0.0,,2,,18,,43,
-97.05,50.63,GIMLI CLIMATE,5031042,2023-04-02,2023,04,02,,0.8,,-6.8,,-3.0,,21.0,,0.0,,,,,,6.3,,2,,3,,53,
-97.05,50.63,GIMLI CLIMATE,5031042,2023-04-03,2023,04,03,,-4.1,,-13.1,,-8.6,,26.6,,0.0,,,,,,0.0,,4,,4,,48,
-97.05,50.63,GIMLI CLIMATE,5031042,2023-04-04,2023,04,04,,-2.5,,-16.0,,-9.3,,27.3,,0.0,,,,,,0.0,,3,,3,,35,
-97.05,50.63,GIMLI CLIMATE,5031042,2023-04-05,2023,04,05,,-5.3,,-8.1,,-6.7,,24.7,,0.0,,,,,,9.7,,5,,35,,55,
-97.05,50.63,GIMLI CLIMATE,5031042,2023-04-06,2023,04,06,,-0.1,,-12.6,,-6.4,,24.4,,0.0,,,,,,0.0,,14,,35,,39,
-97.05,50.63,GIMLI CLIMATE,5031042,2023-04-07,2023,04,07,,-1.2,,-20.4,,-10.8,,28.8,,0.0,,,,,,0.0,,12,,,,,
-97.05,50.63,GIMLI CLIMATE,5031042,2023-04-08,2023,04,08,,7.9,,-15.5,,-3.8,,21.8,,0.0,,,,,,0.0,,12,,,,,
-97.05,50.63,GIMLI CLIMATE,5031042,2023-04-09,2023,04,09,,7.6,,-7.3,,0.1,,17.9,,0.0,,,,,,0.0,,6,,18,,31,
-97.05,50.63,GIMLI CLIMATE,5031042,2023-04-10,2023,04,10,,8.3,,-3.3,,2.5,,15.5,,0.0,,,,,,0.0,,2,,20,,43,
-97.05,50.63,GIMLI CLIMATE,5031042,2023-04-11,2023,04,11,,15.2,,-0.7,,7.3,,10.7,,0.0,,,,,,0.0,,2,,18,,32,
-97.05,50.63,GIMLI CLIMATE,5031042,2023-04-12,2023,04,12,,13.4,,-0.6,,6.4,,11.6,,0.0,,,,,,,M,2,,27,,33,
-97.05,50.63,GIMLI CLIMATE,5031042,2023-04-13,2023,04,13,,7.6,,-0.2,,3.7,,14.3,,0.0,,,,,,0.0,,2,,2,,47,
-97.05,50.63,GIMLI CLIMATE,5031042,2023-04-14,2023,04,14,,4.5,,0.5,,2.5,,15.5,,0.0,,,,,,1.3,,2,,4,,44,
-97.05,50.63,GIMLI CLIMATE,5031042,2023-04-15,2023,04,15,,1.9,,-1.0,,0.5,,17.5,,0.0,,,,,,0.0,,2,,1,,52,
-97.05,50.63,GIMLI CLIMATE,5031042,2023-04-16,2023,04,16,,8.6,,-1.8,,3.4,,14.6,,0.0,,,,,,0.0,,2,,35,,44,
-97.05,50.63,GIMLI CLIMATE,5031042,2023-04-17,2023,04,17,,7.0,,-2.9,,2.0,,16.0,,0.0,,,,,,0.0,,2,,,,,
-97.05,50.63,GIMLI CLIMATE,5031042,2023-04-18,2023,04,18,,7.4,,-4.7,,1.4,,16.6,,0.0,,,,,,0.0,,2,,12,,38,
-97.05,50.63,GIMLI CLIMATE,5031042,2023-04-19,2023,04,19,,1.4,,-2.6,,-0.6,,18.6,,0.0,,,,,,2.8,,11,,4,,49,
-97.05,50.63,GIMLI CLIMATE,5031042,2023-04-20,2023,04,20,,4.2,,-0.2,,2.0,,16.0,,0.0,,,,,,1.0,,3,,4,,54,
-97.05,50.63,GIMLI CLIMATE,5031042,2023-04-21,2023,04,21,,6.9,,-0.5,,3.2,,14.8,,0.0,,,,,,0.0,,2,,1,,61,
-97.05,50.63,GIMLI CLIMATE,5031042,2023-04-22,2023,04,22,,1.6,,-4.4,,-1.4,,19.4,,0.0,,,,,,0.0,,2,,4,,32,
-97.05,50.63,GIMLI CLIMATE,5031042,2023-04-23,2023,04,23,,3.6,,-4.3,,-0.3,,18.3,,0.0,,,,,,0.0,,2,,,,,
-97.05,50.63,GIMLI CLIMATE,5031042,2023-04-24,2023,04,24,,5.0,,-1.3,,1.8,,16.2,,0.0,,,,,,0.0,,2,,7,,34,
-97.05,50.63,GIMLI CLIMATE,5031042,2023-04-25,2023,04,25,,9.1,,-3.9,,2.6,,15.4,,0.0,,,,,,0.0,,2,,,,,
-97.05,50.63,GIMLI CLIMATE,5031042,2023-04-26,2023,04,26,,10.2,,-2.0,,4.1,,13.9,,0.0,,,,,,6.7,,2,,18,,68,
-97.05,50.63,GIMLI CLIMATE,5031042,2023-04-27,2023,04,27,,8.1,,-0.3,,3.9,,14.1,,0.0,,,,,,0.0,,2,,,,,
-97.05,50.63,GIMLI CLIMATE,5031042,2023-04-28,2023,04,28,,11.1,,2.2,,6.7,,11.3,,0.0,,,,,,0.0,,2,,,,,
-97.05,50.63,GIMLI CLIMATE,5031042,2023-04-29,2023,04,29,,11.6,,1.6,,6.6,,11.4,,0.0,,,,,,0.0,,2,,1,,45,
-97.05,50.63,GIMLI CLIMATE,5031042,2023-04-30,2023,04,30,,12.4,,0.3,,6.4,,11.6,,0.0,,,,,,0.0,,2,,36,,56,
-97.05,50.63,GIMLI CLIMATE,5031042,2023-05-01,2023,05,01,,11.6,,0.5,,6.1,,11.9,,0.0,,,,,,0.0,,,,3,,48,
-97.05,50.63,GIMLI CLIMATE,5031042,2023-05-02,2023,05,02,,13.7,,-0.8,,6.5,,11.5,,0.0,,,,,,0.0,,,,,,,
-97.05,50.63,GIMLI CLIMATE,5031042,2023-05-03,2023,05,03,,21.4,,4.4,,12.9,,5.1,,0.0,,,,,,0.0,,,,35,,49,
-97.05,50.63,GIMLI CLIMATE,5031042,2023-05-04,2023,05,04,,18.1,,3.8,,11.0,,7.0,,0.0,,,,,,0.0,,,,4,,33,
-97.05,50.63,GIMLI CLIMATE,5031042,2023-05-05,2023,05,05,,16.5,,2.9,,9.7,,8.3,,0.0,,,,,,0.0,,,,5,,32,
-97.05,50.63,GIMLI CLIMATE,5031042,2023-05-06,2023,05,06,,16.5,,5.7,,11.1,,6.9,,0.0,,,,,,0.0,,,,6,,32,
