Climate ID,StnID,distance,elevation_diff,Name,Province,Station ID,WMO ID,TC ID,Latitude (Decimal Degrees),Longitude (Decimal Degrees),Latitude,Longitude,Elevation (m),First Year,Last Year,HLY First Year,HLY Last Year,DLY First Year,DLY Last Year,MLY First Year,MLY Last Year,SN,StationName,stn_lat,stn_long,Region,Elevation,Air_T,RH,Pluvio,TBRG,AvgWS,AvgWD,Sol Rad,Soil Temp (5 cm),Soil Moisture & Temp (5 and 20 cm),Soil Moisture & Temp (50 and 100 cm),Barometric Pressure,,,,
5022335,201,10.38,46.8,RATHWELL,MANITOBA,3654,,,49.68,-98.55,494100000,-983300000,324.2,1967,2001,,,1967,2001,1967,2001,1,Treherne,49.635,-98.676,Central,371,2006,2006,2011,2006,2007,2007,2017,2007,2016,2018,2018,,,,
5022770,202,5.28,-0.7,STARBUCK,MANITOBA,3674,,,49.73,-97.62,494400000,-973700000,237.7,1962,2004,,,1962,2004,1962,2004,2,Starbuck,49.768,-97.664,Central,237,2006,2006,2011,2006,2007,2007,2012,2007,2016,2019,2019,,,,
5022606,203,3.62,-37,ST PIERRE JOLYS,MANITOBA,6888,,,49.46,-97.01,492742080,-970049000,281,1993,2005,,,1993,2005,1993,2005,3,St. Pierre,49.449,-96.963,Eastern,244,2006,2006,2016,2006,2007,2007,2017,2007,2016,2018,2018,,,,
5041049,204,8.68,8.6,GLADSTONE,MANITOBA,3797,,,50.22,-98.95,501300000,-985700000,270.4,1990,1998,,,1990,1998,1990,1998,4,Gladstone,50.142,-98.95,Central,279,2006,2006,2011,2006,2007,2007,2009,2007,2016,2018,2018,,,,
5012719,208,4.37,16.2,SOURIS,MANITOBA,3545,,,49.65,-100.25,493900000,-1001500000,432.8,1982,2006,,,1982,2006,1982,2006,8,Souris,49.63,-100.198,Southwest,449,2006,2006,2011,2006,2007,2007,2017,2007,2016,2018,2018,,,,
5022630,210,5.48,1,SELKIRK,MANITOBA,3670,,,50.17,-96.87,501002000,-965205000,226,1963,2008,,,1963,2008,1963,2007,10,Selkirk,50.177,-96.794,Interlake,227,2006,2006,2011,2006,2007,2007,2012,2007,2016,2019,2019,,,,
5042610,211,11.64,-11.3,STE ROSE,MANITOBA,3846,,,51.03,-99.38,510200000,-992300000,274.3,1975,2009,,,1975,2009,1975,2007,11,St Rose,51.082,-99.524,Northwest,263,2006,2006,2011,2006,2007,2007,2017,2007,2016,2017,2018,,,,
5020551,212,11.53,-10.9,CARMAN,MANITOBA,3582,,,49.43,-98.15,492600000,-980900000,281.9,1964,2014,,,1964,2014,1964,2007,12,Carman,49.498,-98.03,Central,271,2006,2006,2011,2006,2007,2007,2017,2007,2017,,,,,,
502I001,212,0.22,2.8,CARMAN U OF M CS,MANITOBA,26857,71147,WNK,49.5,-98.03,492953200,-980147100,268.2,1995,2024,1995,2024,1995,2024,1996,2007,12,Carman,49.498,-98.03,Central,271,2006,2006,2011,2006,2007,2007,2017,2007,2017,,,,1983,2009,2006
5040899,213,8.83,27,ETHELBERT,MANITOBA,3790,,,51.53,-100.38,513200000,-1002300000,343,1983,2009,,,1983,2009,1983,2006,13,Ethelbert,51.572,-100.488,Northwest,370,2006,2006,2019,2006,2007,2007,2019,2007,2019,2019,2019,,,,
5011241,214,0.6,7.3,HAMIOTA 2,MANITOBA,3496,,,50.18,-100.6,501100000,-1003600000,519.7,1975,2002,,,1975,2002,1975,2002,14,Hamiota,50.185,-100.603,Southwest,527,2006,2006,2011,2006,2007,2007,2017,2007,2016,2018,2018,,,,
5010240,216,11.36,20,BIRTLE,MANITOBA,3469,,,50.43,-101.05,502600000,-1010300000,522,1883,2000,,,1883,2000,1883,2000,16,Birtle,50.411,-100.893,Southwest,542,2006,2006,2011,2006,2007,2007,2017,2007,2016,2018,2018,,,,
5022051,217,12.73,-0.6,OAKBANK,MANITOBA,3641,,,49.93,-96.85,495600000,-965100000,245.6,1885,2022,,,1885,2022,1885,2007,17,Dugald,49.826,-96.776,Eastern,245,2006,2006,2016,2006,2007,2007,2016,2007,2016,2018,2018,,,,
5041587,218,15.5,-1.7,LUNDAR,MANITOBA,3815,,,50.75,-97.93,504500000,-975600000,266.7,1969,2000,,,1969,2000,1969,2000,18,Eriksdale,50.829,-98.111,Interlake,265,2006,2006,2014,2006,2007,2007,2016,2007,2016,2018,2018,,,,
5041116,219,7.31,-3,GRANDVIEW,MANITOBA,3799,,,51.12,-100.7,510700000,-1004200000,442,1977,2003,,,1977,2003,1977,2003,19,Grandview,51.185,-100.715,Northwest,439,2006,2006,2016,2006,2007,2007,2017,2007,2016,2017,2018,,,,
5021480,220,4.38,15.4,KILLARNEY,MANITOBA,3611,,,49.18,-99.65,491100000,-993900000,495.6,1969,2008,,,1969,2008,1969,2007,20,Killarney,49.148,-99.685,Southwest,511,2006,2006,2011,2006,2007,2007,2017,2007,2016,2018,2018,,,,
5011760,221,4.85,41.8,MINNEDOSA,MANITOBA,3509,,,50.27,-99.83,501600000,-995000000,521.2,1880,1999,,,1880,1999,1881,1999,21,Minnedosa,50.272,-99.762,Southwest,563,2006,2006,2014,2006,2007,2007,2017,2007,2016,2018,2018,,,,
5021965,222,13.8,1.3,MORRIS 2,MANITOBA,3630,,,49.43,-97.48,492600000,-972900000,237.7,1961,2007,,,1961,2007,1961,2007,22,Morris,49.361,-97.322,Central,239,2006,2006,2011,2006,2007,2007,2007,2007,2016,2018,2018,,,,
5022780,223,6.81,4.4,STEINBACH,MANITOBA,3675,,,49.53,-96.77,493200000,-964600000,253.6,1956,2005,,,1956,2005,1956,2005,23,Steinbach,49.55,-96.681,Eastern,258,2006,2006,2011,2006,2007,2007,2017,2007,2016,2019,2019,,,,
5012960,224,5.81,-3.4,VIRDEN,MANITOBA,3560,,,49.83,-100.95,495000000,-1005700000,445.4,1890,2005,,,1890,2005,1890,2005,24,Virden,49.878,-100.918,Southwest,442,2006,2006,2011,2006,2007,2007,2017,2007,2016,2018,2018,,,,
5012961,224,4.31,2.5,VIRDEN WATER,MANITOBA,47367,,,49.84,-100.93,495029500,-1005603700,439.5,2008,2024,,,2008,2024,,,24,Virden,49.878,-100.918,Southwest,442,2006,2006,2011,2006,2007,2007,2017,2007,2016,2018,2018,,1991,2024,2007
5023110,225,6.8,3.6,WARREN,MANITOBA,3687,,,50.13,-97.63,500800000,-973800000,248.4,1924,1991,,,1924,1991,1924,1991,25,Woodlands,50.161,-97.712,Interlake,252,2006,2006,2016,2006,2007,2007,2017,2007,2016,2018,2018,,,,
5022623,230,1.59,1.6,SCHANZENFELD,MANITOBA,6889,,,49.13,-97.95,490800000,-975700000,277.4,1991,2024,,,1991,2024,1991,2007,26,Winkler,49.122,-97.932,Central,279,2007,2007,2011,2007,2007,2007,2007,2007,2016,2018,2018,,,,
504K80K,231,18.77,40.2,SWAN RIVER RCS,MANITOBA,10188,71443,WEQ,52.11,-101.23,520653900,-1011358500,334.8,1993,2024,1994,2024,1993,2024,1996,2007,27,Swan Valley,52.057,-101.49,Northwest,375,2007,2007,2016,2007,2007,2007,2017,2007,2016,2018,2018,,,,
5012080,232,5.85,1,PIERSON,MANITOBA,3514,,,49.18,-101.27,491100000,-1011600000,469,1904,2007,,,1904,2007,1904,2007,28,Pierson,49.215,-101.21,Southwest,470,2007,2007,2016,2007,2007,2007,2017,2007,2016,2018,2018,,,,
501233B,233,7.35,-43.6,RAPID CITY,MANITOBA,3521,,,50.12,-99.93,500700000,-995600000,545.6,1977,1997,,,1977,1997,1977,1997,29,Forrest,50.054,-99.926,Southwest,502,2007,2007,2014,2007,2007,2007,2007,2007,2016,2018,2018,,,,
5012321,235,2.17,-2.1,PORTAGE LA PRAIRIE CDA,MANITOBA,3519,,,49.96,-98.28,495730070,-981634050,259.1,1970,2024,,,1970,2024,1970,2007,30,Portage East,49.97,-98.254,Central,257,2008,2008,2014,2008,2008,2008,2008,2008,2016,2018,2018,,,,
5020870,237,5.15,11.6,ELM CREEK,MANITOBA,3594,,,49.72,-98.02,494300000,-980100000,252.4,1964,1993,,,1964,1993,1964,1993,31,Elm Creek,49.68,-97.984,Central,264,2008,2008,2011,2008,2008,2008,2008,2008,2016,2019,2019,,,,
5011051,239,2.57,1.1,GLENBORO,MANITOBA,3492,,,49.57,-99.33,493400000,-992000000,371.9,1970,1992,,,1970,1992,1970,1992,32,Glenboro,49.547,-99.326,Southwest,373,2009,2009,2014,2009,2009,2009,2017,2009,2016,2018,2018,,,,
5010760,241,3.62,13.5,DELORAINE,MANITOBA,3482,,,49.18,-100.5,491100000,-1003000000,500.5,1897,1994,,,1897,1994,1925,1994,34,Deloraine,49.148,-100.491,Southwest,514,2010,2010,2011,2010,2010,2010,2017,2010,2016,2018,2018,,,,
5021687,242,1.9,-2.7,MANITOU STRANGE,MANITOBA,3614,,,49.25,-98.52,491500000,-983100000,487.7,1981,2006,,,1981,2006,1981,2006,35,Manitou,49.245,-98.545,Central,485,2010,2010,2011,2010,2010,2010,2017,2010,2016,2018,2018,,,,
5021054,243,5.12,-5.4,GLENLEA,MANITOBA,3599,,,49.65,-97.12,493900000,-970700000,234.4,1967,2002,,,1967,2002,1967,2002,36,St Adolphe,49.696,-97.118,Eastern,229,2011,2011,2011,2011,2011,2011,2011,2011,2016,2018,2018,,,,
502M001,243,9.38,-3,WINNIPEG SOUTH,MANITOBA,27230,,,49.78,-97.13,494700000,-970800000,232,1996,2005,,,1996,2005,1996,2005,36,St Adolphe,49.696,-97.118,Eastern,229,2011,2011,2011,2011,2011,2011,2011,2011,2016,2018,2018,,1970,1998,2012
5020040,244,1.7,-1.8,ALTONA,MANITOBA,3572,,,49.1,-97.55,490600000,-973300000,247.8,1948,2008,,,1948,2008,1948,2007,37,Altona,49.095,-97.528,Central,246,2012,2012,2011,2012,2012,2012,2012,2012,2016,2018,2018,,,,
5021220,244,7.6,-6.6,GRETNA (AUT),MANITOBA,3605,71441,WGN,49.03,-97.56,490151004,-973336003,252.6,1885,2024,1994,2024,1885,2024,1885,2007,37,Altona,49.095,-97.528,Central,246,2012,2012,2011,2012,2012,2012,2012,2012,2016,2018,2018,,1982,2014,2014
5012400,245,5.64,17.4,RESTON,MANITOBA,3524,,,49.55,-101.1,493300000,-1010600000,463.6,1952,1994,,,1952,1994,1952,1994,38,Reston,49.576,-101.033,Southwest,481,2013,2013,2016,2013,2013,2013,2017,2013,2016,2018,2018,,,,
5012710,246,7.29,-11.8,SOMERSET,MANITOBA,3544,,,49.45,-98.62,492700000,-983700000,487.8,1970,1998,,,1970,1998,1970,1998,39,Somerset,49.414,-98.704,Central,476,2012,2012,2014,2012,2012,2012,2012,2012,2016,2018,2018,,,,
5030160,251,9.91,-16.2,BEAUSEJOUR 2,MANITOBA,3719,,,50.03,-96.47,500200000,-962800000,251.2,1953,2005,,,1953,2005,1953,2005,40,Beausejour,50.116,-96.434,Eastern,235,2014,2014,2014,2014,2014,2014,2014,2014,2016,2019,2019,,,,
5031991,252,9.2,6.7,NARCISSE,MANITOBA,3749,,,50.67,-97.65,504000000,-973900000,271.3,1982,2014,,,1982,2014,1982,2007,41,Narcisse,50.702,-97.53,Interlake,278,2014,2014,2011,2014,2014,2014,2014,2014,2016,2018,2018,,,,
5022171,255,11.9,23.5,PINEY,MANITOBA,3652,,,49.03,-96.01,490151400,-960021000,325.5,1980,2012,,,1980,2012,1980,2007,43,Menisino,49.097,-96.137,Eastern,349,2015,2015,2015,2015,2015,2015,2015,2015,2016,2018,2018,,,,
5010547,314,0.7,-6.5,CARBERRY CS,MANITOBA,27741,71170,WZE,49.91,-99.36,495420900,-992126800,383.5,1994,2024,1994,2024,1994,2024,1996,2007,44,Carberry,49.905,-99.354,Southwest,377,2007,2007,,2007,2011,2011,2017,2017,2017,,,,,,
5010548,314,3.9,-8,CARBERRY,MANITOBA,3478,,,49.87,-99.35,495200000,-992100000,385,1962,1999,,,1962,1999,1962,1999,44,Carberry,49.905,-99.354,Southwest,377,2007,2007,,2007,2011,2011,2017,2017,2017,,,,1978,2005,2015
5022125,501,13.8,-13.3,PILOT MOUND (AUT),MANITOBA,3649,71148,WPO,49.19,-98.9,491127700,-985417500,470.3,1957,2024,1957,2024,1957,2024,1957,2007,45,Clearwater,49.118,-99.054,Central,457,2015,2015,2015,2015,2015,2015,2015,2015,2016,2018,2018,,,,
5020625,501,9.74,-7.8,CRYSTAL CITY,MANITOBA,3585,,,49.05,-98.97,490300000,-985800000,464.8,1987,1996,,,1987,1996,1987,1996,45,Clearwater,49.118,-99.054,Central,457,2015,2015,2015,2015,2015,2015,2015,2015,2016,2018,2018,,1982,2002,2015
502055E,502,8.13,-7.1,CARTWRIGHT,MANITOBA,3581,,,49.05,-99.42,490300000,-992500000,472.1,1979,1992,,,1979,1992,1979,1992,46,Cartwright,49.088,-99.325,Central,465,2015,2015,2015,2015,2015,2015,2015,2015,2016,2018,2018,,,,
5010140,503,8.99,-17.9,BALDUR,MANITOBA,3463,,,49.28,-99.29,491634900,-991732500,449.9,1962,2024,,,1962,2024,1962,2007,47,Baldur,49.356,-99.248,Central,432,2015,2015,2015,2015,2015,2015,2015,2015,2016,2018,2018,,,,
5012941,505,15.15,-36.9,TURTLE MOUNTAIN 6,MANITOBA,3557,,,49.3,-100.32,491800000,-1001900000,502.9,1978,2008,,,1978,2008,1978,2007,49,Argue,49.436,-100.308,Southwest,466,2015,2015,2015,2015,2015,2015,2015,2015,2016,2018,2018,,,,
5022946,508,12.99,4.9,TURTLE MOUNTAIN 11,MANITOBA,3682,,,49.13,-100.12,490800000,-1000700000,579.1,1978,2005,,,1978,2005,1978,2005,52,Mountainside,49.13,-100.298,Southwest,584,2015,2015,2015,2015,2015,2015,2015,2015,2016,2018,2018,,,,
50220M0,509,11.04,50.9,NINETTE 1 NW,MANITOBA,3637,,,49.42,-99.65,492500000,-993900000,419.1,1976,1996,,,1976,1996,1976,1996,53,Ninette,49.326,-99.699,Southwest,470,2015,2015,2015,2015,2015,2015,2015,2015,2016,2018,2018,,,,
5040R73,511,3.99,3.3,FORK RIVER NORTH,MANITOBA,3768,,,51.57,-99.98,513400000,-995900000,259.7,1982,2002,,,1982,2002,1982,2002,55,Fork River,51.538,-100.006,Northwest,263,2015,2015,2015,2015,2015,2015,2015,2015,2016,2018,2018,,,,
5022703,514,6.24,2,SNOWFLAKE,MANITOBA,3671,,,49.07,-98.65,490400000,-983900000,474,1987,2011,,,1987,2011,1987,2007,58,Snowflake,49.016,-98.673,Central,476,2015,2015,2015,2015,2015,2015,2015,2015,2016,2018,2018,,,,
5031369,516,8.69,-10.5,INWOOD,MANITOBA,6951,,,50.5,-97.5,503000000,-973000000,276.5,1991,1992,,,1991,1992,1991,1992,60,Inwood,50.507,-97.622,Interlake,266,2015,2015,2015,2015,2015,2015,2015,2015,2016,2018,2018,,,,
5030916,517,18.01,6.1,FISHER BRANCH,MANITOBA,3732,,,51.1,-97.55,510600000,-973300000,246.9,1970,2005,,,1970,2005,1970,2005,61,Fisherton,51.185,-97.769,Interlake,253,2015,2015,2015,2015,2015,2015,2015,2015,2016,2018,2018,,,,
50309J6,517,19.27,0,FISHER BRANCH (AUT),MANITOBA,8993,71442,WSZ,51.08,-97.55,510500100,-973316200,253,1992,2024,1994,2024,1992,2024,1999,2007,61,Fisherton,51.185,-97.769,Interlake,253,2015,2015,2015,2015,2015,2015,2015,2015,2016,2018,2018,,1966,2003,2016
5022797,518,11.24,8.4,STUARTBURN,MANITOBA,6890,,,49.13,-96.78,490800000,-964700000,289.6,1993,2003,,,1993,2003,1993,2003,62,Gardenton,49.088,-96.64,Eastern,298,2016,2016,2016,2016,2016,2016,2016,2016,2016,2018,2018,,,,
5023000,518,6.92,-3.8,VITA,MANITOBA,3684,,,49.13,-96.57,490800000,-963400000,301.8,1953,1995,,,1953,1995,1953,1995,62,Gardenton,49.088,-96.64,Eastern,298,2016,2016,2016,2016,2016,2016,2016,2016,2016,2018,2018,,1982,2004,2016
5023370,519,0.69,0.2,ZHODA,MANITOBA,3713,,,49.25,-96.52,491500000,-963100000,304.8,1980,2000,,,1980,2000,1980,2000,63,Zhoda,49.252,-96.511,Eastern,305,2016,2016,2016,2016,2016,2016,2016,2016,2016,2018,2018,,,,
5010227,520,1.43,13.4,BIRDTAIL,MANITOBA,3468,,,50.82,-100.92,504900000,-1005500000,577.6,1989,1995,,,1989,1995,1989,1995,64,Ruthenia,50.827,-100.903,Northwest,591,2016,2016,2016,2016,2016,2016,2016,2016,2016,2018,2018,,,,
501KE01,520,10.37,-18.6,ROSSBURN 4 NORTH,MANITOBA,3458,,,50.75,-100.82,504500000,-1004900000,609.6,1986,2024,,,1986,2024,1986,2007,64,Ruthenia,50.827,-100.903,Northwest,591,2016,2016,2016,2016,2016,2016,2016,2016,2016,2018,2018,,1995,2024,2016
503B0NE,521,8.77,-6.3,OSTENFELD,MANITOBA,3715,,,49.82,-96.48,494900000,-962900000,274.3,1973,2005,,,1973,2005,1973,2005,65,Vivian,49.885,-96.411,Eastern,268,2016,2016,2016,2016,2016,2016,2016,2016,2016,2018,2018,,,,
5030869,522,11.7,-8.7,ELMA,MANITOBA,3730,,,49.77,-95.93,494600000,-955600000,292.7,1978,1992,,,1978,1992,1978,1992,66,Elma,49.875,-95.92,Eastern,284,2016,2016,2016,2016,2016,2016,2016,2016,2016,2018,2018,,,,
501205N,523,12,-34.8,OLHA,MANITOBA,3512,,,50.67,-100.55,504000000,-1003300000,621.8,1966,1995,,,1966,1995,1966,1995,67,Oakburn,50.595,-100.672,Southwest,587,2016,2016,2016,2016,2016,2016,2016,2016,2016,2018,2018,,,,
5021975,524,7.45,-1.8,MYRTLE,MANITOBA,3631,,,49.4,-97.78,492400000,-974700000,247.8,1966,2003,,,1966,2003,1966,2003,68,Kane,49.355,-97.704,Central,246,2016,2016,2016,2016,2016,2016,2016,2016,2016,2018,2018,,,,
5010310,527,13.25,-3,BOGGY CREEK,MANITOBA,3470,,,51.54,-101.39,513219000,-1012328000,609,1977,2014,,,1977,2014,1977,2007,71,San Clara,51.421,-101.398,Northwest,606,2016,2016,2016,2016,2016,2016,2016,2016,2016,2018,2018,,,,
5041686,528,1.71,-3.7,MAGNET,MANITOBA,3821,,,51.32,-99.48,511900000,-992900000,263.7,1982,2004,,,1982,2004,1982,2004,72,Rorketon,51.333,-99.493,Northwest,260,2016,2016,2016,2016,2016,2016,2016,2016,2016,2018,2018,,,,
5010216,529,15.05,-22.8,BINSCARTH,MANITOBA,3467,,,50.58,-101.27,503500000,-1011600000,525.8,1973,2005,,,1973,2005,1973,2005,73,St. Lazare,50.447,-101.231,Southwest,503,2016,2016,2016,2016,2016,2016,2016,2016,2016,2018,2018,,,,
5010981,529,9.95,-30.4,FOXWARREN,MANITOBA,3491,,,50.52,-101.15,503100000,-1010900000,533.4,1969,2001,,,1969,2001,1969,2001,73,St. Lazare,50.447,-101.231,Southwest,503,2016,2016,2016,2016,2016,2016,2016,2016,2016,2018,2018,,1958,1997,2017
5010QFQ,531,14.67,37.5,ELKHORN 2 EAST,MANITOBA,3460,,,49.93,-101.2,495536200,-1011210100,497.5,1987,2024,,,1987,2024,1987,2007,74,Kola,49.857,-101.37,Southwest,535,2016,2016,2016,2016,2016,2016,2016,2016,2016,2018,2018,,,,
5040681,532,16.7,123.5,DAUPHIN CS,MANITOBA,26866,71550,WZT,51.1,-100.06,510601400,-1000324800,304.5,1995,2024,1995,2024,1995,2024,2000,2007,77,Keld,50.993,-100.227,Northwest,428,2016,2016,2016,2016,2016,2016,2016,2016,2016,2017,2018,,,,
5041680,533,13.45,-58.8,MACGREGOR SOUTH,MANITOBA,31107,,,49.85,-98.83,495050000,-985000000,361.8,2001,2007,,,2001,2007,2001,2007,78,Austin,49.9607,-98.9054,Central,303,2017,2017,2017,2017,2017,2017,2017,2017,2017,2017,2018,,,,
502KKNL,533,9.94,57.6,POPLAR POINT,MANITOBA,6884,,,50.05,-98.9,500300000,-985400000,245.4,1992,1996,,,1992,1996,1992,1996,78,Austin,49.9607,-98.9054,Central,303,2017,2017,2017,2017,2017,2017,2017,2017,2017,2017,2018,,1962,2007,2017
5040128,533,8.62,-24.7,AUSTIN,MANITOBA,3773,,,49.9,-98.98,495400000,-985900000,327.7,1989,1995,,,1989,1995,1989,1995,78,Austin,49.9607,-98.9054,Central,303,2017,2017,2017,2017,2017,2017,2017,2017,2017,2017,2018,,1987,2024,2017
5040166,534,10.98,16.8,BEAVER,MANITOBA,3775,,,50.05,-98.7,500300000,-984200000,268.2,1973,2024,,,1973,2024,1973,2007,79,Bagot,49.9601,-98.6367,Central,285,2017,2017,2017,2017,2017,2017,2017,2017,2017,2017,2018,,,,
5021205,535,12.09,-14.5,GREEN RIDGE,MANITOBA,3603,,,49.17,-96.98,491000000,-965900000,251.5,1967,2004,,,1967,2004,1967,2004,80,Dominion City,49.1631,-97.1454,Eastern,237,2017,2017,2017,2017,2017,2017,2017,2017,2017,2017,2018,,,,
5021695,536,7.2,-3.8,MARQUETTE,MANITOBA,3619,,,50.01,-97.81,500048400,-974825700,243.8,1969,2024,,,1969,2024,1969,2007,81,Elie,49.96,-97.7463,Central,240,2017,2017,2017,2017,2017,2017,2017,2017,2017,2017,2018,,,,
5021692,537,1.97,-1.8,MARCHAND W4,MANITOBA,3618,,,49.43,-96.47,492600000,-962800000,301.8,1980,1993,,,1980,1993,1980,1993,82,Marchand,49.4294,-96.4428,Eastern,300,2017,2017,2017,2017,2017,2017,2017,2017,2017,2017,2018,,,,
5022601,538,13.22,18,ST MALO,MANITOBA,3668,,,49.32,-96.95,491900000,-965700000,263,1980,2008,,,1980,2008,1980,2007,83,Rosa,49.2415,-96.8135,Eastern,281,2017,2017,2017,2017,2017,2017,2017,2017,2017,2017,2018,,,,
5041670,539,13.62,10.1,MACDONALD,MANITOBA,3817,,,50.17,-98.5,501000000,-983000000,249.9,1967,2008,,,1967,2008,1967,2007,84,Lakeland,50.2548,-98.6376,Central,260,2017,2017,2017,2017,2017,2017,2017,2017,2017,2017,2018,,,,
5041140,540,13.29,3.3,GRASS RIVER,MANITOBA,3801,,,50.52,-98.97,503100000,-985800000,269.7,1958,1997,,,1958,1997,1958,1997,85,Plumas,50.4029,-99.007,Central,273,2017,2017,2017,2017,2017,2017,2017,2017,2017,2017,2018,,,,
5041535,540,14.74,8.7,LANGRUTH WEST,MANITOBA,31088,,,50.41,-98.8,502450000,-984810000,264.3,2001,2005,,,2001,2005,2001,2005,85,Plumas,50.4029,-99.007,Central,273,2017,2017,2017,2017,2017,2017,2017,2017,2017,2017,2018,,1984,2024,2017
5042240,540,6.35,-8,PLUMAS,MANITOBA,3839,,,50.37,-99.08,502200000,-990500000,281,1951,1994,,,1951,1994,1951,1994,85,Plumas,50.4029,-99.007,Central,273,2017,2017,2017,2017,2017,2017,2017,2017,2017,2017,2018,,1983,1995,2017
5040146,541,13.63,23.2,BASSWOOD,MANITOBA,6894,,,50.25,-100.03,501500000,-1000200000,582.8,1992,1996,,,1992,1996,1992,1996,86,Newdale,50.3389,-100.1616,Southwest,606,2017,2017,2017,2017,2017,2017,2017,2017,2017,2017,2018,,,,
5010538,542,11.42,30,CAMERON,MANITOBA,3477,,,49.47,-100.47,492800000,-1002800000,442,1984,2001,,,1984,2001,1984,2001,87,Dand,49.3776,-100.5387,Southwest,472,2017,2017,2017,2017,2017,2017,2017,2017,2017,2017,2018,,,,
5010033,544,5.51,4,ALEXANDER,MANITOBA,3461,,,49.83,-100.3,495000000,-1001800000,427,1979,1999,,,1979,1999,1979,1999,89,Alexander,49.8134,-100.3721,Southwest,431,2017,2017,2017,2017,2017,2017,2017,2017,2017,2017,2018,,,,
5012054,548,9.43,-28.9,OAKNER,MANITOBA,3513,,,50.1,-100.63,500600000,-1003800000,502.9,1962,2007,,,1962,2007,1962,2007,93,Kenton,50.0187,-100.5926,Southwest,474,2017,2017,2017,2017,2017,2017,2017,2017,2017,2017,2018,,,,
501BMMA,550,7.58,0.5,RIVERS PETTAPIECE,MANITOBA,3457,,,50.11,-100.18,500629400,-1001044500,487.5,1987,2024,,,1987,2024,1987,2007,95,Rivers,50.0514,-100.2341,Southwest,488,2017,2017,2017,2017,2017,2017,2017,2017,2017,2017,2018,,,,
5042005,551,4.4,20.9,NEEPAWA WATER,MANITOBA,3832,,,50.22,-99.47,501300000,-992800000,358.1,1969,2008,,,1969,2008,1969,2007,96,Neepawa,50.1889,-99.432,Southwest,379,2017,2017,2017,2017,2017,2017,2017,2017,2017,2017,2018,,,,
5043020,552,12.89,1.4,VOGAR,MANITOBA,3852,,,50.92,-98.75,505500000,-984500000,249.6,1966,2008,,,1966,2008,1966,2007,97,Reedy Creek,50.9461,-98.9286,Northwest,251,2017,2017,2017,2017,2017,2017,2017,2017,2017,2017,2018,,,,
5022550,554,3.15,-5.6,ST CLAUDE,MANITOBA,3664,,,49.65,-98.37,493900000,-982200000,310.6,1964,2018,,,1964,2018,1964,2007,99,St. Claude,49.6649,-98.3329,Central,305,2017,2017,2017,2017,2017,2017,2017,2017,2017,2017,2018,,,,
5022791,555,9.54,10.8,STONY MOUNTAIN,MANITOBA,3678,,,50.12,-97.17,500700000,-971000000,236.2,1972,2024,,,1972,2024,1972,2007,100,Stonewall,50.1227,-97.3033,Interlake,247,2017,2017,2017,2017,2017,2017,2017,2017,2017,2017,2018,,,,
5042546,556,18.02,9.5,ST AMBROISE,MANITOBA,3844,,,50.23,-98.03,501400000,-980200000,251.5,1970,2004,,,1970,2004,1970,2004,101,Lake Francis,50.3583,-97.8755,Interlake,261,2017,2017,2017,2017,2017,2017,2017,2017,2017,2017,2018,,,,
5032162,557,11.1,-7.7,PINAWA WNRE,MANITOBA,3751,,,50.18,-96.06,501050000,-960330000,266.7,1963,2017,,,1963,2017,1963,2007,102,Lac du Bonnet,50.2796,-96.0507,Eastern,259,2017,2017,2017,2017,2017,2017,2017,2017,2017,2017,2018,,,,
5012672,558,6.79,2.8,SHILO,MANITOBA,3539,71853,WLO,49.78,-99.64,494658000,-993835000,375.2,1954,1999,1954,1999,1954,1970,1954,1970,103,Shilo,49.8277,-99.6988,Southwest,378,2017,2017,2017,2017,2017,2017,2017,2017,2017,2017,2018,,,,
5012673,558,6.49,6,CFB SHILO CCOC,MANITOBA,43343,,,49.79,-99.63,494726000,-993743000,372,2004,2005,,,2004,2005,2004,2005,103,Shilo,49.8277,-99.6988,Southwest,378,2017,2017,2017,2017,2017,2017,2017,2017,2017,2017,2018,,,,
5021302,559,7.81,-2.9,HOLLAND,MANITOBA,3609,,,49.61,-98.88,493622000,-985230000,374.9,1984,2024,,,1984,2024,1984,2007,104,Holland,49.591,-98.984,Central,372,2017,2017,2017,2017,2017,2017,2017,2017,2017,2017,2018,,,,
5030335,560,9.2,-9.5,BRAINTREE 2,MANITOBA,3725,,,49.6,-95.62,493600000,-953700000,315.5,1983,1995,,,1983,1995,1983,1995,105,Prawda,49.6477,-95.7241,Eastern,306,2017,2017,2017,2017,2017,2017,2017,2017,2017,2017,2018,,,,
5030559,562,10.3,4.2,CHATFIELD,MANITOBA,3729,,,50.82,-97.5,504900000,-973000000,265.8,1969,1995,,,1969,1995,1969,1995,107,Poplarfield,50.8858,-97.603,Interlake,270,2017,2017,2017,2017,2017,2017,2017,2017,2017,2017,2018,,,,
5030080,564,10.12,-2,ARBORG,MANITOBA,3717,,,50.93,-97.08,505600000,-970500000,224,1951,2016,,,1951,2016,1951,2007,109,Riverton,51.0203,-97.0625,Interlake,222,2020,2020,2020,2020,2020,2020,2020,2020,2020,2020,2020,,,,
5010480,566,4.79,-15.4,BRANDON A,MANITOBA,3471,71140,YBR,49.91,-99.95,495436000,-995707000,409.4,1941,2012,1958,2012,1941,2012,1941,2012,111,BrandonNH,49.876,-99.909,Southwest,394,2021,2021,2021,2021,2021,2021,2021,2021,2021,2021,2021,,,,
5010481,566,4.79,-15.3,BRANDON A,MANITOBA,50821,71140,YBR,49.91,-99.95,495436000,-995708000,409.3,2012,2024,2012,2024,2012,2024,,,111,BrandonNH,49.876,-99.909,Southwest,394,2021,2021,2021,2021,2021,2021,2021,2021,2021,2021,2021,,,,
502254Q,567,10.15,28.5,STE ANNE,MANITOBA,3661,,,49.67,-96.63,494000000,-963800000,251.5,1979,2000,,,1979,2000,1979,2000,112,Richer,49.6089,-96.5256,Eastern,280,2021,2021,2021,2021,2021,2021,2021,2021,2021,2021,2021,,,,
5021227,568,9.47,-3.2,GUNTON HATCHERY,MANITOBA,3607,,,50.28,-97.17,501700000,-971000000,233.2,1979,1996,,,1979,1996,1979,1996,113,Petersfield,50.2994,-97.0406,Interlake,230,2021,2021,2021,2021,2021,2021,2021,2021,2021,2021,2021,,,,
504B0NM,569,10.6,2.8,OAK POINT,MANITOBA,3764,,,50.5,-98.02,503000000,-980100000,250.2,1973,1992,,,1973,1992,1973,1992,114,Clarkleigh,50.5947,-98.0035,Interlake,253,2021,2021,2021,2021,2021,2021,2021,2021,2021,2021,2021,,,,
504K0NM,569,10.85,3.4,OAKPOINT MARINE,MANITOBA,10881,71144,WOJ,50.5,-98.04,502958044,-980212030,249.6,1994,2024,1994,2024,1994,2024,1996,2007,114,Clarkleigh,50.5947,-98.0035,Interlake,253,2021,2021,2021,2021,2021,2021,2021,2021,2021,2021,2021,,,,
5010524,571,6.06,-6.4,BROOKDALE,MANITOBA,3476,,,50.02,-99.57,500100000,-993400000,392.4,1987,2003,,,1987,2003,1987,2003,116,Ingelow,49.9674,-99.5919,Southwest,386,2022,2022,2022,2022,2022,2022,2022,2022,2022,2022,2022,,,,
5012620,572,14.11,7.2,SANDY LAKE,MANITOBA,3537,,,50.5,-100.1,503000000,-1000600000,624.8,1973,2005,,,1973,2005,1973,2005,117,Erickson,50.5057,-99.9013,Southwest,632,2022,2022,2022,2022,2022,2022,2022,2022,2022,2022,2022,,,,
5013117,572,17.38,4.6,WASAGAMING,MANITOBA,3562,71444,WWP,50.66,-99.94,503918006,-995631008,627.4,1966,2024,1994,2024,1966,2024,1966,2007,117,Erickson,50.5057,-99.9013,Southwest,632,2022,2022,2022,2022,2022,2022,2022,2022,2022,2022,2022,,,,
5040060,574,3.89,-8.1,AMARANTH,MANITOBA,3770,,,50.63,-98.72,503800000,-984300000,259.1,1980,2004,,,1980,2004,1980,2004,119,Amaranth,50.6424,-98.6686,Northwest,251,2022,2022,2022,2022,2022,2022,2022,2022,2022,2022,2022,,,,
5040985,575,13.95,-61.9,GILBERT PLAINS,MANITOBA,3793,,,51.1,-100.47,510600000,-1002800000,403.9,1934,2016,,,1934,2016,1934,2007,120,Ashville,51.1623,-100.297,Northwest,342,2022,2022,2022,2022,2022,2022,2022,2022,2022,2022,2022,,,,
501A7AR,740,14.25,-8.9,MELITA,MANITOBA,10185,71447,WEI,49.28,-100.99,491652600,-1005910900,445.9,1992,2024,1994,2024,1992,2024,1996,2007,75,Bede,49.402,-100.93,Southwest,437,2013,2013,2014,2013,2013,2013,2016,2013,2016,2018,2018,,,,
5010481,2,0,0,,MANITOBA,,,,49.91,-99.95,,,,,,,,,,,,121,,,,,,,,,,,,,,,,,,,,
5010485,2,0,0,,MANITOBA,,,,49.91,-99.95,,,,,,,,,,,,121,,,,,,,,,,,,,,,,,,,,
5010547,4,0,0,,MANITOBA,,,,49.91,-99.36,,,,,,,,,,,,122,,,,,,,,,,,,,,,,,,,,
5010548,4,0,0,,MANITOBA,,,,49.91,-99.36,,,,,,,,,,,,122,,,,,,,,,,,,,,,,,,,,
502I001,5,0,0,,MANITOBA,,,,49.5,-98.03,,,,,,,,,,,,123,,,,,,,,,,,,,,,,,,,,
5020551,5,0,0,,MANITOBA,,,,49.5,-98.03,,,,,,,,,,,,123,,,,,,,,,,,,,,,,,,,,
5010641,8,0,0,,MANITOBA,,,,49.56,-99.07,,,,,,,,,,,,124,,,,,,,,,,,,,,,,,,,,
5010640,8,0,0,,MANITOBA,,,,49.56,-99.07,,,,,,,,,,,,124,,,,,,,,,,,,,,,,,,,,
5040681,9,0,0,,MANITOBA,,,,51.1,-100.06,,,,,,,,,,,,125,,,,,,,,,,,,,,,,,,,,
5040680,9,0,0,,MANITOBA,,,,51.1,-100.06,,,,,,,,,,,,125,,,,,,,,,,,,,,,,,,,,
5020881,11,0,0,,MANITOBA,,,,49,-97.24,,,,,,,,,,,,126,,,,,,,,,,,,,,,,,,,,
5020882,11,0,0,,MANITOBA,,,,49,-97.24,,,,,,,,,,,,126,,,,,,,,,,,,,,,,,,,,
5031042,14,0,0,,MANITOBA,,,,50.63,-97.05,,,,,,,,,,,,127,,,,,,,,,,,,,,,,,,,,
5031039,14,0,0,,MANITOBA,,,,50.63,-97.05,,,,,,,,,,,,127,,,,,,,,,,,,,,,,,,,,
50310D0,14,0,0,,MANITOBA,,,,50.63,-97.05,,,,,,,,,,,,127,,,,,,,,,,,,,,,,,,,,
5021220,17,0,0,,MANITOBA,,,,49.03,-97.56,,,,,,,,,,,,128,,,,,,,,,,,,,,,,,,,,
5021500,22,0,0,,MANITOBA,,,,49.52,-96.9,,,,,,,,,,,,129,,,,,,,,,,,,,,,,,,,,
5043158,25,0,0,,MANITOBA,,,,50.71,-99.53,,,,,,,,,,,,130,,,,,,,,,,,,,,,,,,,,
501A7AR,26,0,0,,MANITOBA,,,,49.28,-100.99,,,,,,,,,,,,131,,,,,,,,,,,,,,,,,,,,
5021849,29,0,0,,MANITOBA,,,,49.19,-98.08,,,,,,,,,,,,132,,,,,,,,,,,,,,,,,,,,
5021848,29,0,0,,MANITOBA,,,,49.19,-98.08,,,,,,,,,,,,132,,,,,,,,,,,,,,,,,,,,
5022125,34,0,0,,MANITOBA,,,,49.19,-98.9,,,,,,,,,,,,133,,,,,,,,,,,,,,,,,,,,
503B1ER,35,0,0,,MANITOBA,,,,50.18,-96.06,,,,,,,,,,,,134,,,,,,,,,,,,,,,,,,,,
5012320,37,0,0,,MANITOBA,,,,49.9,-98.27,,,,,,,,,,,,135,,,,,,,,,,,,,,,,,,,,
5012469,38,0,0,,MANITOBA,,,,51.18,-101.36,,,,,,,,,,,,136,,,,,,,,,,,,,,,,,,,,
501B4G2,38,0,0,,MANITOBA,,,,51.18,-101.36,,,,,,,,,,,,136,,,,,,,,,,,,,,,,,,,,
5012654,40,0,0,,MANITOBA,,,,50.45,-100.6,,,,,,,,,,,,137,,,,,,,,,,,,,,,,,,,,
5022759,41,0,0,,MANITOBA,,,,49.02,-95.6,,,,,,,,,,,,138,,,,,,,,,,,,,,,,,,,,
5022760,41,0,0,,MANITOBA,,,,49.02,-95.6,,,,,,,,,,,,138,,,,,,,,,,,,,,,,,,,,
504K80K,44,0,0,,MANITOBA,,,,52.11,-101.23,,,,,,,,,,,,139,,,,,,,,,,,,,,,,,,,,
5042800,44,0,0,,MANITOBA,,,,52.11,-101.23,,,,,,,,,,,,139,,,,,,,,,,,,,,,,,,,,
5052882,45,0,0,,MANITOBA,,,,53.97,-101.09,,,,,,,,,,,,140,,,,,,,,,,,,,,,,,,,,
5052880,45,0,0,,MANITOBA,,,,53.97,-101.09,,,,,,,,,,,,140,,,,,,,,,,,,,,,,,,,,
5013117,51,0,0,,MANITOBA,,,,50.66,-99.94,,,,,,,,,,,,141,,,,,,,,,,,,,,,,,,,,
5023227,52,0,0,,MANITOBA,,,,49.91,-97.24,,,,,,,,,,,,142,,,,,,,,,,,,,,,,,,,,
502S001,52,0,0,,MANITOBA,,,,49.91,-97.24,,,,,,,,,,,,142,,,,,,,,,,,,,,,,,,,,
5023222,52,0,0,,MANITOBA,,,,49.91,-97.24,,,,,,,,,,,,142,,,,,,,,,,,,,,,,,,,,
5020725,55,0,0,,MANITOBA,,,,49.4,-98.32,,,,,,,,,,,,143,,,,,,,,,,,,,,,,,,,,
5020720,55,0,0,,MANITOBA,,,,49.4,-98.32,,,,,,,,,,,,143,,,,,,,,,,,,,,,,,,,,
50309J6,56,0,0,,MANITOBA,,,,51.08,-97.55,,,,,,,,,,,,144,,,,,,,,,,,,,,,,,,,,
5030916,56,0,0,,MANITOBA,,,,51.08,-97.55,,,,,,,,,,,,144,,,,,,,,,,,,,,,,,,,,
