Name,Province,Climate ID,Station ID,WMO ID,TC ID,Latitude (Decimal Degrees),Longitude (Decimal Degrees),Latitude,Longitude,Elevation (m),First Year,Last Year,HLY First Year,HLY Last Year,DLY First Year,DLY Last Year,MLY First Year,MLY Last Year
ALEXANDER,MANITOBA,5010033,3461,,,49.83,-100.3,495000000,-1001800000,427,1979,1999,,,1979,1999,1979,1999
ARROW RIVER,MANITOBA,5010114,3462,,,50.17,-100.85,501000000,-1005100000,486.2,1982,1983,,,1982,1983,1982,1983
BALDUR,MANITOBA,5010140,3463,,,49.28,-99.29,491634900,-991732500,449.9,1962,2024,,,1962,2024,1962,2007
BALDUR 5 NORTHEAST,MANITOBA,5010143,6880,,,49.42,-99.17,492500000,-991000000,425.3,1991,1995,,,1991,1995,1991,1995
BEDE,MANITOBA,5010180,3464,,,49.37,-100.93,492200000,-1005600000,442,1956,1977,,,1956,1977,1956,1977
BELMONT,MANITOBA,5010190,3465,,,49.4,-99.43,492400000,-992600000,447.4,1891,1906,,,1891,1906,1891,1906
BELMONT,MANITOBA,5010191,3466,,,49.3,-99.45,491800000,-992700000,481.6,1984,2016,,,1984,2016,1984,2007
BINSCARTH,MANITOBA,5010216,3467,,,50.58,-101.27,503500000,-1011600000,525.8,1973,2005,,,1973,2005,1973,2005
BIRDTAIL,MANITOBA,5010227,3468,,,50.82,-100.92,504900000,-1005500000,577.6,1989,1995,,,1989,1995,1989,1995
BIRTLE,MANITOBA,5010240,3469,,,50.43,-101.05,502600000,-1010300000,522,1883,2000,,,1883,2000,1883,2000
BOGGY CREEK,MANITOBA,5010310,3470,,,51.54,-101.39,513219000,-1012328000,609,1977,2014,,,1977,2014,1977,2007
BRANDON A,MANITOBA,5010480,3471,71140,YBR,49.91,-99.95,495436000,-995707000,409.4,1941,2012,1958,2012,1941,2012,1941,2012
BRANDON A,MANITOBA,5010481,50821,71140,YBR,49.91,-99.95,495436000,-995708000,409.3,2012,2024,2012,2024,2012,2024,,
BRANDON CDA,MANITOBA,5010485,3472,,,49.87,-99.98,495200000,-995900000,362.7,1890,2010,,,1890,2010,1890,2007
BRANDON RCS,MANITOBA,5010490,49909,71136,PBO,49.9,-99.95,495400000,-995700000,409.4,2012,2024,2012,2024,2012,2024,,
BRANDON SOUTH,MANITOBA,5010494,3473,,,49.82,-99.95,494900000,-995700000,396.2,1972,1975,,,1972,1975,1972,1975
BRANDON #1 WINTER BAY,MANITOBA,5010498,3474,,,49.83,-99.98,495000000,-995900000,396,1987,2002,,,1987,2002,1987,2002
BROOKDALE,MANITOBA,5010524,3476,,,50.02,-99.57,500100000,-993400000,392.4,1987,2003,,,1987,2003,1987,2003
CAMERON,MANITOBA,5010538,3477,,,49.47,-100.47,492800000,-1002800000,442,1984,2001,,,1984,2001,1984,2001
CARBERRY CS,MANITOBA,5010547,27741,71170,WZE,49.91,-99.36,495420900,-992126800,383.5,1994,2024,1994,2024,1994,2024,1996,2007
CARBERRY,MANITOBA,5010548,3478,,,49.87,-99.35,495200000,-992100000,385,1962,1999,,,1962,1999,1962,1999
CARDALE,MANITOBA,5010550,3479,,,50.23,-100.33,501400000,-1002000000,556.3,1966,1972,,,1966,1972,1966,1972
CARROLL,MANITOBA,5010554,3480,,,49.55,-100,493300000,-1000000000,487.7,1969,1984,,,1969,1984,1969,1984
CARROLL 2W,MANITOBA,50105ED,3475,,,49.6,-100.07,493600000,-1000400000,457.2,1973,1975,,,1973,1975,1973,1975
CLANWILLIAM,MANITOBA,5010609,27869,,,50.35,-99.81,502105000,-994850000,623.3,1999,2001,,,1999,2001,1999,2001
CYPRESS RIVER,MANITOBA,5010640,3481,,,49.55,-99.08,493300000,-990500000,374.3,1904,2012,,,1904,2012,1904,2007
CYPRESS RIVER RCS,MANITOBA,5010641,48128,71239,POY,49.56,-99.07,493344000,-990426000,374,2009,2024,2009,2024,2009,2024,,
DELORAINE,MANITOBA,5010760,3482,,,49.18,-100.5,491100000,-1003000000,500.5,1897,1994,,,1897,1994,1925,1994
DELORAINE 2,MANITOBA,5010761,3483,,,49.17,-100.4,491000000,-1002400000,533.4,1953,1976,,,1953,1976,1953,1976
DELORAINE 6 SE,MANITOBA,5010762,3484,,,49.15,-100.37,490900000,-1002200000,548.6,1976,1977,,,1976,1977,1976,1977
EDWIN,MANITOBA,5010859,3485,,,49.82,-98.52,494900000,-983100000,300.8,1986,1986,,,1986,1986,1986,1986
ELKHORN,MANITOBA,5010868,3486,,,49.97,-101.23,495800000,-1011400000,499,1891,1987,,,1891,1987,1891,1987
ERICKSON,MANITOBA,5010893,3487,,,50.43,-99.9,502600000,-995400000,635.5,1971,1971,,,1971,1971,1971,1971
ERICKSON,MANITOBA,5010894,3488,,,50.48,-99.9,502900000,-995400000,648,1985,1986,,,1985,1986,1985,1986
FAIRFAX,MANITOBA,5010906,3489,,,49.42,-100.13,492500000,-1000800000,480.1,1987,1990,,,1987,1990,1987,1990
FORT ELLICE,MANITOBA,5010977,3490,,,50.42,-101.23,502500000,-1011400000,,1883,1894,,,1883,1894,1883,1894
FOXWARREN,MANITOBA,5010981,3491,,,50.52,-101.15,503100000,-1010900000,533.4,1969,2001,,,1969,2001,1969,2001
FOXWARREN NORTH,MANITOBA,5010982,27611,,,50.6,-101.17,503600000,-1011000000,556.3,1998,2001,,,1998,2001,1998,2001
ELKHORN 2 EAST,MANITOBA,5010QFQ,3460,,,49.93,-101.2,495536200,-1011210100,497.5,1987,2024,,,1987,2024,1987,2007
GLENBORO,MANITOBA,5011051,3492,,,49.57,-99.33,493400000,-992000000,371.9,1970,1992,,,1970,1992,1970,1992
GOODLANDS CDA EPF,MANITOBA,5011080,3493,,,49.13,-100.6,490800000,-1003600000,499.9,1951,1976,,,1951,1976,1951,1976
GRISWOLD,MANITOBA,5011224,3494,,,49.82,-100.47,494900000,-1002800000,403.9,1979,1981,,,1979,1981,1979,1981
HAMIOTA,MANITOBA,5011240,3495,,,50.18,-100.62,501100000,-1003700000,518.2,1914,1991,,,1914,1991,1914,1991
HAMIOTA 2,MANITOBA,5011241,3496,,,50.18,-100.6,501100000,-1003600000,519.7,1975,2002,,,1975,2002,1975,2002
HARDING,MANITOBA,5011275,3497,,,50.03,-100.5,500200000,-1003000000,472.4,1966,1983,,,1966,1983,1966,1983
HARGRAVE CDA EPF,MANITOBA,5011280,3498,,,49.92,-101.1,495500000,-1010600000,487.7,1951,1970,,,1951,1970,1951,1970
HARTNEY,MANITOBA,5011282,3499,,,49.45,-100.52,492700000,-1003100000,442,1973,1973,,,1973,1973,1973,1973
HARTNEY,MANITOBA,5011283,3500,,,49.5,-100.53,493000000,-1003200000,428.2,1979,1984,,,1979,1984,1979,1984
HILLVIEW,MANITOBA,5011293,3501,,,49.92,-100.55,495500000,-1003300000,426.7,1885,1920,,,1885,1920,1885,1920
INGLIS,MANITOBA,5011360,3502,,,50.9,-101.23,505400000,-1011400000,594.4,1949,1969,,,1949,1969,1949,1969
KENTON,MANITOBA,5011434,3503,,,49.98,-100.58,495900000,-1003500000,449,1987,2006,,,1987,2006,1987,2006
LYLETON,MANITOBA,5011600,3504,,,49.05,-101.18,490300000,-1011100000,460.2,1951,1983,,,1951,1983,1951,1983
MACDONALD A,MANITOBA,5011680,3505,,,50.08,-98.45,500500000,-982700000,254.5,1951,1959,,,1951,1959,1951,1959
MCCONNELL,MANITOBA,5011705,3506,,,50.27,-100.6,501600000,-1003600000,541,1966,1975,,,1966,1975,1966,1975
MEDORA,MANITOBA,5011715,3507,,,49.25,-100.7,491500000,-1004200000,458.1,1965,1968,,,1965,1968,1965,1968
MELITA,MANITOBA,5011720,3508,,,49.33,-101,492000000,-1010000000,442,1936,1960,,,1936,1960,1936,1960
MELITA 2,MANITOBA,5011721,6881,,,49.28,-100.98,491700000,-1005900000,422,1991,1995,,,1991,1995,1991,1995
MINNEDOSA,MANITOBA,5011760,3509,,,50.27,-99.83,501600000,-995000000,521.2,1880,1999,,,1880,1999,1881,1999
MINTO,MANITOBA,5011762,3510,,,49.45,-100.05,492700000,-1000300000,477,1979,1985,,,1979,1985,1979,1985
NAPINKA,MANITOBA,5011990,6950,,,49.33,-100.85,492000000,-1005100000,434.6,1991,1992,,,1991,1992,1991,1992
NORQUAY,MANITOBA,5012046,3511,,,49.48,-98.75,492900000,-984500000,457.2,1883,1913,,,1883,1913,1883,1913
OAKNER,MANITOBA,5012054,3513,,,50.1,-100.63,500600000,-1003800000,502.9,1962,2007,,,1962,2007,1962,2007
OLHA,MANITOBA,501205N,3512,,,50.67,-100.55,504000000,-1003300000,621.8,1966,1995,,,1966,1995,1966,1995
PIERSON,MANITOBA,5012080,3514,,,49.18,-101.27,491100000,-1011600000,469,1904,2007,,,1904,2007,1904,2007
PIPESTONE,MANITOBA,5012200,3515,,,49.53,-100.92,493200000,-1005500000,437.4,1899,1985,,,1899,1985,1899,1985
PORTAGE LA PRAIRIE,MANITOBA,5012279,3516,,,49.97,-98.3,495800000,-981800000,261.2,1886,1918,,,1886,1918,1887,1918
PORTAGE LA PRAIRIE,MANITOBA,5012280,3517,,,49.97,-98.3,495800000,-981800000,261.2,1904,1971,,,1904,1971,1904,1971
PORTAGE ROMANCE,MANITOBA,5012300,45987,,,49.98,-98.3,495900000,-981800000,262.4,2007,2024,,,2007,2024,2007,2007
PORTAGE SOUTHPORT A,MANITOBA,5012320,3518,,YPG,49.9,-98.27,495400000,-981600000,269.7,1941,2024,1953,2024,1941,1992,1941,1992
PORTAGE LA PRAIRIE CDA,MANITOBA,5012321,3519,,,49.96,-98.28,495730070,-981634050,259.1,1970,2024,,,1970,2024,1970,2007
PORTAGE LA PRAIRIE 2,MANITOBA,5012322,3520,,,49.98,-98.32,495900000,-981900000,261.2,1962,1996,,,1962,1996,1962,1996
PORTAGE SOUTHPORT,MANITOBA,5012324,10884,71851,WPG,49.9,-98.28,495411300,-981702900,272.7,1992,2024,1994,2024,1992,2024,1996,2007
RAPID CITY FORREST,MANITOBA,5012333,3522,,,50.02,-100,500100000,-1000000000,487.7,1885,1939,,,1885,1939,1885,1939
RAPID CITY,MANITOBA,501233B,3521,,,50.12,-99.93,500700000,-995600000,545.6,1977,1997,,,1977,1997,1977,1997
REGENT,MANITOBA,5012340,3523,,,49.32,-100.37,491900000,-1002200000,500.5,1955,1966,,,1955,1966,1955,1966
RESTON,MANITOBA,5012400,3524,,,49.55,-101.1,493300000,-1010600000,463.6,1952,1994,,,1952,1994,1952,1994
RIDING MTN AUDY,MANITOBA,5012423,3525,,,50.72,-100.23,504300000,-1001400000,571.5,1977,1990,,,1977,1990,1977,1990
RIVERS,MANITOBA,5012439,3526,,,50.03,-100.23,500200000,-1001400000,475.5,1984,1991,,,1984,1991,1984,1991
RIVERS A,MANITOBA,5012440,3527,,,50.02,-100.32,500100000,-1001900000,473.4,1938,1983,1953,1983,1938,1970,1938,1970
ROBLIN,MANITOBA,5012469,27119,71553,WXB,51.18,-101.36,511100018,-1012146068,539.5,1996,2024,1996,2024,1996,2024,1996,2007
ROBLIN,MANITOBA,5012471,3528,,,51.23,-101.38,511400000,-1012300000,556,1969,1979,,,1969,1979,1969,1979
ROBLIN,MANITOBA,5012472,3529,,,51.23,-101.38,511400000,-1012300000,556,1980,1997,,,1980,1997,1980,1997
ROBLIN NORTH,MANITOBA,5012473,3530,,,51.37,-101.4,512200000,-1012400000,587,1980,1986,,,1980,1986,1980,1986
ROSSBURN,MANITOBA,5012500,3531,,,50.67,-100.82,504000000,-1004900000,590.1,1955,1990,,,1955,1990,1955,1990
ROSSBURN 10N,MANITOBA,5012501,3532,,,50.8,-100.83,504800000,-1005000000,533.4,1971,1980,,,1971,1980,1971,1980
RUSSELL,MANITOBA,5012520,3533,,,50.77,-101.28,504600000,-1011700000,567,1883,1990,,,1883,1990,1883,1990
ST ALBANS,MANITOBA,5012540,3534,,,49.7,-99.55,494200000,-993300000,359.7,1885,1960,,,1885,1960,1885,1960
ST ALPHONSE,MANITOBA,5012545,3535,,,49.45,-99.02,492700000,-990100000,403.3,1962,2016,,,1962,2016,1962,2007
ST LAZARE,MANITOBA,5012600,3536,,,50.43,-101.3,502600000,-1011800000,502.9,1954,1954,,,1954,1954,1954,1954
SANDY LAKE,MANITOBA,5012620,3537,,,50.5,-100.1,503000000,-1000600000,624.8,1973,2005,,,1973,2005,1973,2005
SHOAL LAKE CS,MANITOBA,5012654,10927,71150,WUT,50.45,-100.6,502717600,-1003612600,561.3,1993,2024,1994,2024,1993,2024,1996,2007
SHARPE LAKE,MANITOBA,5012661,3538,,,49.05,-100.33,490300000,-1002000000,656.8,1988,1988,,,1988,1988,1988,1988
SHILO,MANITOBA,5012672,3539,71853,WLO,49.78,-99.64,494658000,-993835000,375.2,1954,1999,1954,1999,1954,1970,1954,1970
CFB SHILO CCOC,MANITOBA,5012673,43343,,,49.79,-99.63,494726000,-993743000,372,2004,2005,,,2004,2005,2004,2005
SHOAL LAKE,MANITOBA,5012675,3540,,,50.43,-100.58,502600000,-1003500000,543.5,1883,1900,,,1883,1900,1883,1900
SHOAL LAKE,MANITOBA,5012676,3541,,,50.48,-100.72,502900000,-1004300000,624.8,1966,1977,,,1966,1977,1966,1977
SHOAL LAKE,MANITOBA,5012677,3542,,,50.45,-100.58,502700000,-1003500000,555.3,1978,1983,,,1978,1983,1978,1983
SILVERTON EXP ST,MANITOBA,5012680,3543,,,50.77,-101.15,504600000,-1010900000,571.8,1951,1958,,,1951,1958,1951,1958
SOMERSET,MANITOBA,5012710,3544,,,49.45,-98.62,492700000,-983700000,487.8,1970,1998,,,1970,1998,1970,1998
SOURIS,MANITOBA,5012719,3545,,,49.65,-100.25,493900000,-1001500000,432.8,1982,2006,,,1982,2006,1982,2006
SOURIS,MANITOBA,5012720,3546,,,49.62,-100.27,493700000,-1001600000,426.7,1912,1972,,,1912,1972,1912,1972
SOURIS 2,MANITOBA,5012727,6882,,,49.58,-100.4,493500000,-1002400000,428.2,1992,1996,,,1992,1996,1992,1996
STRATHCLAIR,MANITOBA,5012796,3547,,,50.4,-100.4,502400000,-1002400000,579.1,1962,2013,,,1962,2013,1962,2007
SWAN LAKE,MANITOBA,5012799,3548,,,49.4,-98.78,492400000,-984700000,481.9,1885,1930,,,1885,1930,1885,1930
TREHERNE,MANITOBA,5012930,3549,,,49.63,-98.7,493800000,-984200000,373.4,1885,1978,,,1885,1978,1885,1978
TREHERNE 8N,MANITOBA,5012931,3550,,,49.73,-98.75,494400000,-984500000,337.1,1970,1973,,,1970,1973,1970,1973
TURTLE MOUNTAIN,MANITOBA,5012935,3551,,,49.18,-100.33,491100000,-1002000000,655.3,1883,1907,,,1883,1907,1883,1907
TURTLE MOUNTAIN 1,MANITOBA,5012936,3552,,,49.05,-100.55,490300000,-1003300000,563.9,1978,1979,,,1978,1979,1978,1979
TURTLE MOUNTAIN 2,MANITOBA,5012937,3553,,,49.08,-100.78,490500000,-1004700000,472.1,1978,1986,,,1978,1986,1978,1986
TURTLE MOUNTAIN 3,MANITOBA,5012938,3554,,,49.18,-100.7,491100000,-1004200000,472.4,1978,1992,,,1978,1992,1978,1992
TURTLE MOUNTAIN 4,MANITOBA,5012939,3555,,,49.32,-100.73,491900000,-1004400000,442,1978,1986,,,1978,1986,1978,1986
TURTLE MOUNTAIN 5,MANITOBA,5012940,3556,,,49.35,-100.57,492100000,-1003400000,464.8,1978,1979,,,1978,1979,1978,1979
TURTLE MOUNTAIN 6,MANITOBA,5012941,3557,,,49.3,-100.32,491800000,-1001900000,502.9,1978,2008,,,1978,2008,1978,2007
TURTLE MOUNTAIN 7,MANITOBA,5012942,3558,,,49.32,-100.07,491900000,-1000400000,499.9,1978,1981,,,1978,1981,1978,1981
TURTLE MOUNTAIN 8,MANITOBA,5012943,3559,,,49.2,-100.3,491200000,-1001800000,533.1,1978,1980,,,1978,1980,1978,1980
VIRDEN,MANITOBA,5012960,3560,,,49.83,-100.95,495000000,-1005700000,445.4,1890,2005,,,1890,2005,1890,2005
VIRDEN WATER,MANITOBA,5012961,47367,,,49.84,-100.93,495029500,-1005603700,439.5,2008,2024,,,2008,2024,,
VIRDEN SCARTH,MANITOBA,5012965,3561,,,49.73,-100.97,494400000,-1005800000,442,1961,1976,,,1961,1976,1961,1976
WASAGAMING,MANITOBA,5013117,3562,71444,WWP,50.66,-99.94,503918006,-995631008,627.4,1966,2024,1994,2024,1966,2024,1966,2007
WASKADA,MANITOBA,5013119,3563,,,49.1,-100.8,490600000,-1004800000,470.9,1986,1989,,,1986,1989,1986,1988
WASKADA,MANITOBA,5013120,3564,,,49.03,-100.75,490200000,-1004500000,469.4,1924,1987,,,1924,1987,1924,1987
WAWANESA,MANITOBA,5013125,3565,,,49.6,-99.68,493600000,-994100000,342.9,1979,1980,,,1979,1980,1979,1980
WAWANESA EAST,MANITOBA,5013130,3566,,,49.58,-99.6,493500000,-993600000,373.4,1984,1985,,,1984,1985,1984,1985
MELITA,MANITOBA,501A7AR,10185,71447,WEI,49.28,-100.99,491652600,-1005910900,445.9,1992,2024,1994,2024,1992,2024,1996,2007
ROBLIN FRIESEN 3 NORTHWEST,MANITOBA,501B4G2,6879,,,51.27,-101.4,511600000,-1012400000,556.4,1991,2024,,,1991,2024,1991,2007
RIVERS PETTAPIECE,MANITOBA,501BMMA,3457,,,50.11,-100.18,500629400,-1001044500,487.5,1987,2024,,,1987,2024,1987,2007
OAK LAKE,MANITOBA,501K051,3459,,,49.77,-100.63,494600000,-1003800000,431,1979,1995,,,1979,1995,1979,1995
ROSSBURN 4 NORTH,MANITOBA,501KE01,3458,,,50.75,-100.82,504500000,-1004900000,609.6,1986,2024,,,1986,2024,1986,2007
ALMASIPPI,MANITOBA,5020036,3571,,,49.55,-98.2,493300000,-981200000,274.3,1902,1925,,,1902,1925,1902,1925
ALTONA,MANITOBA,5020040,3572,,,49.1,-97.55,490600000,-973300000,247.8,1948,2008,,,1948,2008,1948,2007
ALTONA CFAM,MANITOBA,5020050,3573,,,49.1,-97.55,490600000,-973300000,247.5,1959,1968,,,1959,1968,1959,1968
ALTONA SOUTH,MANITOBA,5020054,3574,,,49.05,-97.57,490300000,-973400000,249.9,1984,1989,,,1984,1989,1984,1989
ANOLA,MANITOBA,5020069,3575,,,49.88,-96.65,495300000,-963900000,255.1,1986,1987,,,1986,1987,1986,1987
BIRDS HILL NURSERY,MANITOBA,5020222,3576,,,49.98,-96.83,495900000,-965000000,256,1969,1969,,,1969,1969,1969,1969
BIRDS HILL PINE RIDGE,MANITOBA,5020224,3577,,,49.98,-96.93,495900000,-965600000,238.4,1988,1992,,,1988,1992,1988,1992
BOISSEVAIN,MANITOBA,5020320,3578,,,49.23,-100.05,491400000,-1000300000,510.5,1912,1981,,,1912,1981,1912,1981
BOISSEVAIN 2,MANITOBA,5020321,3579,,,49.22,-100.08,491300000,-1000500000,525.8,1948,1970,,,1948,1970,1948,1970
CARMAN,MANITOBA,5020551,3582,,,49.43,-98.15,492600000,-980900000,281.9,1964,2014,,,1964,2014,1964,2007
CARMAN 2,MANITOBA,5020553,3583,,,49.52,-98,493100000,-980000000,265.2,1885,1981,,,1885,1981,1885,1981
CARTWRIGHT,MANITOBA,5020555,3584,,,49.1,-99.35,490600000,-992100000,461.5,1883,1976,,,1883,1976,1883,1976
CARTWRIGHT,MANITOBA,502055E,3581,,,49.05,-99.42,490300000,-992500000,472.1,1979,1992,,,1979,1992,1979,1992
CARTWRIGHT 2,MANITOBA,50205N5,3580,,,49.17,-99.52,491000000,-993100000,467.3,1887,1900,,,1887,1900,1887,1900
CRYSTAL CITY,MANITOBA,5020625,3585,,,49.05,-98.97,490300000,-985800000,464.8,1987,1996,,,1987,1996,1987,1996
DACOTAH,MANITOBA,5020648,3586,,,49.87,-97.65,495200000,-973900000,240.8,1971,1975,,,1971,1975,1971,1975
DARLINGFORD,MANITOBA,5020670,3587,,,49.12,-98.27,490700000,-981600000,457.2,1980,1981,,,1980,1981,1980,1981
DARLINGFORD NORTH,MANITOBA,5020672,3588,,,49.15,-98.27,490900000,-981600000,432.2,1980,1983,,,1980,1983,1980,1983
DEERWOOD,MANITOBA,5020720,3589,,,49.4,-98.32,492400000,-981900000,338.3,1951,1995,,,1951,1995,1951,1995
DEERWOOD RCS,MANITOBA,5020725,29886,71840,XDW,49.4,-98.32,492359400,-981909300,341.4,2000,2024,2000,2024,2000,2024,2000,2007
DOMAIN,MANITOBA,5020768,3590,,,49.62,-97.32,493700000,-971900000,237.7,1979,1988,,,1979,1988,1979,1988
DOMINION CITY,MANITOBA,5020770,3591,,,49.15,-97.15,490900000,-970900000,239.6,1967,1969,,,1967,1969,1967,1969
DUFROST,MANITOBA,5020807,3592,,,49.37,-97.05,492200000,-970300000,242.3,1968,1971,,,1968,1971,1968,1971
DUGALD,MANITOBA,5020810,3593,,,49.87,-96.82,495200000,-964900000,243.2,1962,1988,,,1962,1988,1962,1988
ELM CREEK,MANITOBA,5020870,3594,,,49.72,-98.02,494300000,-980100000,252.4,1964,1993,,,1964,1993,1964,1993
EMERSON,MANITOBA,5020880,3595,,,49.03,-97.18,490200000,-971100000,237.6,1877,1997,,,1877,1997,1877,1997
EMERSON AUTO,MANITOBA,5020881,48068,71560,WEX,49,-97.24,490000000,-971415000,242,2009,2024,2009,2024,2009,2024,,
EMERSON AUT,MANITOBA,5020882,26963,71560,WEX,49,-97.24,490000000,-971415000,242,1996,2009,1996,2009,1997,2009,1997,2007
FANNYSTELLE,MANITOBA,5020913,3596,,,49.8,-97.87,494800000,-975200000,243.8,1969,2004,,,1969,2004,1969,2004
FOXTON,MANITOBA,5020980,3597,,,50.45,-97.35,502700000,-972100000,231.6,1883,1898,,,1883,1898,1883,1898
FORT WHYTE CENTRE,MANITOBA,5020990,32210,,,49.82,-97.23,494900000,-971330000,235,2002,2004,,,2002,2004,2002,2004
CARMAN 3,MANITOBA,5020N53,3570,,,49.52,-97.95,493100000,-975700000,258.5,1984,1987,,,1984,1987,1984,1987
GLENLEA,MANITOBA,5021054,3599,,,49.65,-97.12,493900000,-970700000,234.4,1967,2002,,,1967,2002,1967,2002
GLENORA,MANITOBA,5021055,3600,,,49.27,-99.18,491600000,-991100000,457.2,1962,1966,,,1962,1966,1962,1966
GNADENTHAL,MANITOBA,5021058,3601,,,49.1,-97.8,490600000,-974800000,262.1,1964,1973,,,1964,1973,1964,1973
GRAYSVILLE,MANITOBA,5021160,3602,,,49.5,-98.17,493000000,-981000000,283.5,1925,1988,,,1925,1988,1925,1988
GREEN RIDGE,MANITOBA,5021205,3603,,,49.17,-96.98,491000000,-965900000,251.5,1967,2004,,,1967,2004,1967,2004
GREENWOOD,MANITOBA,5021210,3604,,,50.45,-97.2,502700000,-971200000,,1885,1899,,,1885,1899,1885,1899
GRETNA (AUT),MANITOBA,5021220,3605,71441,WGN,49.03,-97.56,490151004,-973336003,252.6,1885,2024,1994,2024,1885,2024,1885,2007
GROSSE ISLE,MANITOBA,5021225,3606,,,50.05,-97.43,500300000,-972600000,245.1,1964,2007,,,1964,2007,1964,2007
GUNTON HATCHERY,MANITOBA,5021227,3607,,,50.28,-97.17,501700000,-971000000,233.2,1979,1996,,,1979,1996,1979,1996
HEADINGLY,MANITOBA,5021285,3608,,,49.88,-97.47,495300000,-972800000,239.6,1961,1966,,,1961,1966,1961,1966
HOLLAND,MANITOBA,5021302,3609,,,49.61,-98.88,493622000,-985230000,374.9,1984,2024,,,1984,2024,1984,2007
HOMEWOOD,MANITOBA,5021306,3610,,,49.53,-97.87,493200000,-975200000,251.5,1962,1965,,,1962,1965,1962,1965
KALEIDA,MANITOBA,5021395,6885,,,49.13,-98.47,490800000,-982800000,477.6,1993,2000,,,1993,2000,1993,2000
KILLARNEY,MANITOBA,5021480,3611,,,49.18,-99.65,491100000,-993900000,495.6,1969,2008,,,1969,2008,1969,2007
KLEEFELD (MAFRI),MANITOBA,5021500,50897,71646,PTG,49.52,-96.9,493104000,-965404000,246.5,2012,2024,2012,2024,2014,2024,,
LANDMARK,MANITOBA,5021529,3612,,,49.67,-96.88,494000000,-965300000,240.8,1980,1993,,,1980,1993,1980,1993
LETELLIER,MANITOBA,5021565,3613,,,49.13,-97.3,490800000,-971800000,240.2,1967,1974,,,1967,1974,1967,1974
MANITOU STRANGE,MANITOBA,5021687,3614,,,49.25,-98.52,491500000,-983100000,487.7,1981,2006,,,1981,2006,1981,2006
MANITOU,MANITOBA,5021688,3615,,,49.27,-98.48,491600000,-982900000,487.7,1970,1981,,,1970,1981,1970,1981
MARCHAND,MANITOBA,5021689,3616,,,49.45,-96.38,492700000,-962300000,304.8,1972,1985,,,1972,1985,1972,1984
MARCHAND FORESTRY,MANITOBA,5021690,3617,,,49.43,-96.27,492600000,-961600000,310.9,1959,1960,,,1959,1960,1959,1960
MARCHAND W4,MANITOBA,5021692,3618,,,49.43,-96.47,492600000,-962800000,301.8,1980,1993,,,1980,1993,1980,1993
MARQUETTE,MANITOBA,5021695,3619,,,50.01,-97.81,500048400,-974825700,243.8,1969,2024,,,1969,2024,1969,2007
MIAMI,MANITOBA,5021732,3620,,,49.37,-98.23,492200000,-981400000,310,1933,1936,,,1933,1936,1933,1936
MIAMI HAWKEN,MANITOBA,5021735,3621,,,49.33,-98.37,492000000,-982200000,449.6,1964,1975,,,1964,1975,1964,1975
MIAMI ORCHARD,MANITOBA,5021736,3622,,,49.37,-98.28,492200000,-981700000,329.8,1964,2010,,,1964,2010,1964,2007
MIAMI THIESSEN,MANITOBA,5021737,3623,,,49.45,-98.25,492700000,-981500000,297,1964,2016,,,1964,2016,1964,2007
MOOSE LAKE,MANITOBA,5021812,3624,,,49.2,-95.32,491200000,-951900000,344.4,1981,1983,,,1981,1983,1981,1983
MORDEN,MANITOBA,5021840,3625,,,49.18,-98.1,491100000,-980600000,302.1,1885,1971,,,1885,1971,1885,1971
MORDEN CDA,MANITOBA,5021848,3626,,,49.18,-98.08,491100000,-980500000,297.5,1918,1998,,,1918,1998,1918,1998
MORDEN CDA CS,MANITOBA,5021849,29593,71564,XMD,49.19,-98.08,491115500,-980502200,297.5,1999,2024,2000,2024,1999,2024,1999,2007
MORDEN RADIO,MANITOBA,5021854,3627,,,49.25,-98,491500000,-980000000,276.1,1980,1987,,,1980,1987,1980,1987
MORRIS,MANITOBA,5021920,3628,,,49.35,-97.37,492100000,-972200000,234.7,1883,1987,,,1883,1987,1883,1987
MORRIS EXP ST,MANITOBA,5021960,3629,,,49.37,-97.38,492200000,-972300000,235.6,1954,1959,,,1954,1959,1954,1959
MORRIS 2,MANITOBA,5021965,3630,,,49.43,-97.48,492600000,-972900000,237.7,1961,2007,,,1961,2007,1961,2007
MYRTLE,MANITOBA,5021975,3631,,,49.4,-97.78,492400000,-974700000,247.8,1966,2003,,,1966,2003,1966,2003
MYRTLE 2,MANITOBA,5021977,3632,,,49.33,-97.77,492000000,-974600000,251.5,1968,1999,,,1968,1999,1968,1999
NAROL,MANITOBA,5021992,3633,,,50.05,-96.97,500300000,-965800000,230.7,1971,1997,,,1971,1997,1971,1997
MANITOU NORTH,MANITOBA,5021F8Q,3598,,,49.27,-98.52,491600000,-983100000,487.7,1981,1981,,,1981,1981,1981,1981
NINETTE,MANITOBA,5022040,3638,,,49.4,-99.63,492400000,-993800000,416.7,1885,1978,,,1885,1978,1885,1978
NINGA,MANITOBA,5022041,3639,,,49.23,-99.85,491400000,-995100000,502.6,1910,1921,,,1910,1921,1910,1921
NIVERVILLE,MANITOBA,5022043,3640,,,49.6,-97.05,493600000,-970300000,236.8,1961,1992,,,1961,1992,1961,1992
OAKBANK,MANITOBA,5022051,3641,,,49.93,-96.85,495600000,-965100000,245.6,1885,2022,,,1885,2022,1885,2007
OTTERBURNE,MANITOBA,5022056,3642,,,49.5,-97.05,493000000,-970300000,238.4,1961,1969,,,1961,1969,1961,1969
PEACE GARDENS,MANITOBA,5022065,3643,,,49,-100.05,490000000,-1000300000,693.4,1961,2000,,,1961,2000,1961,2000
PEMBINA CROSSING,MANITOBA,5022068,3644,,,49.3,-98.42,491800000,-982500000,472.4,1884,1903,,,1884,1903,1884,1902
PETERSFIELD,MANITOBA,5022070,3645,,,50.32,-96.98,501900000,-965900000,222.5,1960,1977,,,1960,1977,1960,1977
NINETTE COLE,MANITOBA,50220D0,3636,,,49.4,-99.63,492400000,-993800000,419.1,1979,1979,,,1979,1979,1979,1979
NINETTE 1 NW,MANITOBA,50220M0,3637,,,49.42,-99.65,492500000,-993900000,419.1,1976,1996,,,1976,1996,1976,1996
PIGEON LAKE,MANITOBA,5022100,3646,,,49.95,-97.6,495700000,-973600000,237.7,1988,1998,,,1988,1998,1988,1998
PILOT MOUND,MANITOBA,5022119,3647,,,49.12,-98.8,490700000,-984800000,472.1,1885,1899,,,1885,1899,1885,1899
PILOT MOUND,MANITOBA,5022120,3648,,,49.2,-98.88,491200000,-985300000,474.6,1883,1957,,,1883,1957,1883,1957
PILOT MOUND (AUT),MANITOBA,5022125,3649,71148,WPO,49.19,-98.9,491127700,-985417500,470.3,1957,2024,1957,2024,1957,2024,1957,2007
PILOT MOUND 2,MANITOBA,5022129,3650,,,49.2,-98.9,491200000,-985400000,472.4,1987,2005,,,1987,2005,1987,2005
PINEY,MANITOBA,5022170,3651,,,49.08,-95.98,490500000,-955900000,331,1959,1964,,,1959,1964,1959,1964
PINEY,MANITOBA,5022171,3652,,,49.03,-96.01,490151400,-960021000,325.5,1980,2012,,,1980,2012,1980,2007
PLUM COULEE,MANITOBA,5022245,3653,,,49.05,-97.8,490300000,-974800000,265.2,1961,2003,,,1961,2003,1961,2003
RATHWELL,MANITOBA,5022335,3654,,,49.68,-98.55,494100000,-983300000,324.2,1967,2001,,,1967,2001,1967,2001
RICHER,MANITOBA,5022420,3655,,,49.65,-96.45,493900000,-962700000,291.1,1979,1998,,,1979,1998,1979,1998
ROLAND,MANITOBA,5022480,3656,,,49.42,-98,492500000,-980000000,266.7,1951,1980,,,1951,1980,1951,1980
ROSEAU RIVER,MANITOBA,5022488,3657,,,49.22,-96.83,491300000,-965000000,282.2,1979,1980,,,1979,1980,1979,1980
ROSEBANK,MANITOBA,5022490,3658,,,49.37,-98.1,492200000,-980600000,426.7,1892,1915,,,1892,1915,1892,1915
ROSEISLE,MANITOBA,5022491,11004,,,49.55,-98.35,493300000,-982100000,308.5,2001,2005,,,2001,2005,2001,2005
ROSE ISLE,MANITOBA,5022492,6886,,,49.55,-98.35,493300000,-982100000,308.5,1993,2002,,,1993,2002,1993,2002
ROSSER,MANITOBA,5022504,3660,,,49.98,-97.25,495900000,-971500000,236.2,1964,1969,,,1964,1969,1964,1969
ST ANDREWS,MANITOBA,5022547,3662,,,50.08,-96.98,500500000,-965900000,230.1,1874,1992,,,1874,1992,1874,1992
ST BONIFACE BENTWOOD,MANITOBA,5022549,3663,,,49.87,-97.08,495200000,-970500000,230.7,1970,1980,,,1970,1980,1970,1980
STE ANNE,MANITOBA,502254Q,3661,,,49.67,-96.63,494000000,-963800000,251.5,1979,2000,,,1979,2000,1979,2000
ST CLAUDE,MANITOBA,5022550,3664,,,49.65,-98.37,493900000,-982200000,310.6,1964,2018,,,1964,2018,1964,2007
STE ELIZABETH,MANITOBA,5022553,3665,,,49.32,-97.17,491900000,-971000000,239,1973,1989,,,1973,1989,1973,1989
ST EUSTACHE,MANITOBA,5022554,3666,,,49.97,-97.78,495800000,-974700000,243.2,1989,1991,,,1989,1991,1989,1991
ST JEAN BAPTISTE,MANITOBA,5022567,6887,,,49.27,-97.4,491600000,-972400000,237.7,1993,1997,,,1993,1997,1993,1997
ST LABRE,MANITOBA,5022575,3667,,,49.35,-96.04,492109000,-960206000,352,1981,2024,,,1981,2024,1981,2007
ST ANDREWS A,MANITOBA,50225DP,3659,,,50.05,-97.03,500300000,-970200000,231.65,1976,1985,1976,1985,1976,1985,1976,1985
WINNIPEG ST ANDREWS,MANITOBA,50225DS,55463,,YAV,50.06,-97.03,500323000,-970157000,231.34,2023,2024,2023,2024,2023,2024,,
ST MALO,MANITOBA,5022601,3668,,,49.32,-96.95,491900000,-965700000,263,1980,2008,,,1980,2008,1980,2007
ST NORBERT,MANITOBA,5022603,3669,,,49.77,-97.15,494600000,-970900000,231.6,1970,1976,,,1970,1976,1970,1976
ST PIERRE JOLYS,MANITOBA,5022606,6888,,,49.46,-97.01,492742080,-970049000,281,1993,2005,,,1993,2005,1993,2005
SCHANZENFELD,MANITOBA,5022623,6889,,,49.13,-97.95,490800000,-975700000,277.4,1991,2024,,,1991,2024,1991,2007
SELKIRK,MANITOBA,5022630,3670,,,50.17,-96.87,501002000,-965205000,226,1963,2008,,,1963,2008,1963,2007
SNOWFLAKE,MANITOBA,5022703,3671,,,49.07,-98.65,490400000,-983900000,474,1987,2011,,,1987,2011,1987,2007
SNOW LAKE,MANITOBA,5022710,55318,73136,POW,54.88,-100.01,545240050,-1000046025,305,2024,2024,2024,2024,2024,2024,,
SPERLING,MANITOBA,5022740,3672,,,49.5,-97.7,493000000,-974200000,243.2,1969,2003,,,1969,2003,1969,2003
SPRAGUE,MANITOBA,5022759,10196,71449,WSU,49.02,-95.6,490125000,-953554009,328.8,1992,2024,1994,2024,1992,2024,1996,2007
SPRAGUE,MANITOBA,5022760,3673,,,49.02,-95.6,490100000,-953600000,329.2,1915,1998,,,1915,1998,1915,1998
STARBUCK,MANITOBA,5022770,3674,,,49.73,-97.62,494400000,-973700000,237.7,1962,2004,,,1962,2004,1962,2004
STEINBACH,MANITOBA,5022780,3675,,,49.53,-96.77,493200000,-964600000,253.6,1956,2005,,,1956,2005,1956,2005
STONEWALL,MANITOBA,5022788,3676,,,50.12,-97.33,500700000,-972000000,251.5,1959,1991,,,1959,1991,1959,1991
STONY MOUNTAIN,MANITOBA,5022790,3677,,,50.07,-97.23,500400000,-971400000,244.8,1878,1937,,,1878,1937,1878,1937
STONY MOUNTAIN,MANITOBA,5022791,3678,,,50.12,-97.17,500700000,-971000000,236.2,1972,2024,,,1972,2024,1972,2007
STUARTBURN,MANITOBA,5022797,6890,,,49.13,-96.78,490800000,-964700000,289.6,1993,2003,,,1993,2003,1993,2003
SUNDOWN,MANITOBA,5022798,3679,,,49.02,-96.23,490100000,-961400000,320,1980,2000,,,1980,2000,1980,2000
TEULON,MANITOBA,5022855,3680,,,50.42,-97.25,502500000,-971500000,266.7,1970,1974,,,1970,1974,1970,1974
TOLSTOI,MANITOBA,5022928,6891,,,49.07,-96.8,490400000,-964800000,291,1993,1994,,,1993,1994,1993,1994
TURTLE MOUNTAIN 10,MANITOBA,5022945,3681,,,49.08,-99.93,490500000,-995600000,579.1,1978,1986,,,1978,1986,1978,1986
TURTLE MOUNTAIN 11,MANITOBA,5022946,3682,,,49.13,-100.12,490800000,-1000700000,579.1,1978,2005,,,1978,2005,1978,2005
TURTLE MOUNTAIN 12,MANITOBA,5022947,3683,,,49.1,-100.23,490600000,-1001400000,669,1979,1985,,,1979,1985,1979,1985
STE ANNE SE5,MANITOBA,5022EDQ,3634,,,49.63,-96.6,493800000,-963600000,257.9,1979,1982,,,1979,1982,1979,1982
SNOWFLAKE 4NE,MANITOBA,5022G04,3635,,,49.08,-98.65,490500000,-983900000,474.6,1987,1995,,,1987,1995,1987,1995
VITA,MANITOBA,5023000,3684,,,49.13,-96.57,490800000,-963400000,301.8,1953,1995,,,1953,1995,1953,1995
VITA,MANITOBA,5023001,3685,,,49.08,-96.55,490500000,-963300000,304.8,1979,1983,,,1979,1983,1979,1983
WARREN,MANITOBA,5023110,3687,,,50.13,-97.63,500800000,-973800000,248.4,1924,1991,,,1924,1991,1924,1991
WHITEMOUTH LAKE,MANITOBA,5023149,3688,,,49.28,-95.75,491700000,-954500000,350.5,1972,1981,,,1972,1981,1972,1981
WINNIPEG ANDERSON AVE,MANITOBA,5023170,3689,,,49.92,-97.15,495500000,-970900000,,1955,1956,,,1955,1956,1955,1955
WINNIPEG ASSINIBOINE PARK,MANITOBA,5023174,3690,,,49.88,-97.23,495300000,-971400000,228.6,1989,1992,,,1989,1992,1989,1992
WINNIPEG BLUMBERG GOLF COURSE,MANITOBA,5023178,3691,,,49.87,-97.35,495200000,-972100000,236.2,1989,1992,,,1989,1992,1989,1992
WINNIPEG BROOKLANDS,MANITOBA,5023180,3692,,,49.83,-97.18,495000000,-971100000,,1955,1955,,,1955,1955,1955,1955
WINNIPEG CHARLESWOOD,MANITOBA,5023190,3693,,,49.85,-97.28,495100000,-971700000,234.7,1955,1966,,,1955,1966,1955,1966
WINNIPEG CHARLESWOOD LAGOON,MANITOBA,50231R0,3686,,,49.83,-97.33,495000000,-972000000,236.5,1964,1992,,,1964,1992,1989,1992
WINNIPEG CLARE AVE,MANITOBA,5023200,3695,,,49.87,-97.13,495200000,-970800000,232.6,1955,1958,,,1955,1958,1955,1958
WINNIPEG E KILDONAN,MANITOBA,5023210,3696,,,49.93,-97.1,495600000,-970600000,231.6,1955,1959,,,1955,1959,1955,1959
WINNIPEG FLORA AVE,MANITOBA,5023220,3697,,,49.92,-97.15,495500000,-970900000,232.6,1955,1957,,,1955,1957,1955,1957
WINNIPEG RICHARDSON INT'L A,MANITOBA,5023222,3698,71852,YWG,49.92,-97.23,495500000,-971400000,238.7,1938,2013,1953,2013,1938,2008,1938,2007
WINNIPEG A FIRE HALL,MANITOBA,5023223,27525,,,49.9,-97.25,495400000,-971500000,238.9,1997,2002,,,1997,2002,1997,2002
WINNIPEG HANGARLINE ROAD,MANITOBA,5023224,27000,,,49.92,-97.23,495500000,-971400000,238.7,1994,1997,,,1994,1997,1994,1997
WINNIPEG CHARLESWOOD 2,MANITOBA,5023225,43185,,,49.85,-97.27,495100000,-971621000,238,2004,2022,,,2004,2022,2004,2007
WINNIPEG RICHARDSON AWOS,MANITOBA,5023226,47407,71852,YWG,49.92,-97.23,495500000,-971400000,238.7,2008,2013,2008,2013,2008,2013,,
WINNIPEG INTL A,MANITOBA,5023227,51097,,YWG,49.91,-97.24,495436000,-971424000,238.7,2013,2024,2013,2024,2018,2024,,
WINNIPEG PERTH,MANITOBA,5023228,3699,,,49.92,-97.13,495500000,-970800000,234.1,1960,1960,,,1960,1960,1960,1960
WINNIPEG ST BONIFACE,MANITOBA,5023230,3700,,,49.88,-97.1,495300000,-970600000,232,1955,1959,,,1955,1959,1955,1959
WINNIPEG ST BONIFACE WW,MANITOBA,5023233,3701,,,49.88,-97.1,495300000,-970600000,232,1960,1981,,,1960,1981,1960,1981
WINNIPEG ST JAMES,MANITOBA,5023240,3702,,,49.88,-97.27,495300000,-971600000,,1955,1956,,,1955,1956,1955,1956
WINNIPEG ST JOHNS COLL,MANITOBA,5023243,3703,,,49.88,-97.12,495300000,-970700000,231.6,1872,1938,,,1872,1938,1872,1938
WINNIPEG SHERBROOK ST,MANITOBA,5023250,3704,,,49.88,-97.15,495300000,-970900000,232.9,1955,1963,,,1955,1963,1955,1963
WINNIPEG SHERBURN ST,MANITOBA,5023260,3705,,,49.9,-97.18,495400000,-971100000,232.9,1955,1957,,,1955,1957,1955,1957
WINNIPEG STP,MANITOBA,5023261,3706,,,49.95,-97.1,495700000,-970600000,232.6,1960,1989,,,1960,1989,1960,1989
WINNIPEG THE FORKS,MANITOBA,5023262,28051,71579,XWN,49.89,-97.13,495318008,-970746007,230,1999,2024,1999,2024,1999,2024,1999,2007
WINNIPEG TRANSCONA,MANITOBA,5023263,3707,,,49.92,-97.02,495500000,-970100000,235,1967,1968,,,1967,1968,1967,1968
WINNIPEG U OF MANITOBA,MANITOBA,5023265,3708,,,49.85,-97.25,495100000,-971500000,234.7,1939,1949,,,1939,1949,1939,1949
WINNIPEG U OF MANITOBA,MANITOBA,5023270,3709,,,49.8,-97.13,494800000,-970800000,234.7,1961,1968,,,1961,1968,1961,1968
WINNIPEG WINDSOR GOLF COURSE,MANITOBA,5023274,3710,,,49.87,-97.08,495200000,-970500000,230.1,1989,1992,,,1989,1992,1989,1992
WINNIPEG W KILDONAN,MANITOBA,5023280,3711,,,49.92,-97.13,495500000,-970800000,,1955,1955,,,1955,1955,1955,1955
WINNIPEG GRACE HOSPITAL,MANITOBA,5023281,43186,,,49.88,-97.28,495255000,-971641000,241,2004,2006,,,2004,2006,2004,2006
WINNIPEG CANGENE,MANITOBA,5023282,43187,,,49.8,-97.15,494815000,-970844000,233,2004,2008,,,2004,2008,2004,2007
WINNIPEG WTC STAPON,MANITOBA,5023283,43193,,,49.9,-97.06,495402000,-970353000,234,2004,2008,,,2004,2008,2004,2007
WINNIPEG FED LAB,MANITOBA,5023284,43194,,,49.91,-97.16,495429000,-970948000,230,2004,2008,,,2004,2008,2004,2007
WOODRIDGE,MANITOBA,5023295,3712,,,49.28,-96.15,491700000,-960900000,381,1979,1981,,,1979,1981,1979,1981
WINNIPEG FORT WHYTE,MANITOBA,50232KJ,3694,,,49.82,-97.23,494900000,-971400000,234.7,1985,1988,,,1985,1988,1985,1988
ZHODA,MANITOBA,5023370,3713,,,49.25,-96.52,491500000,-963100000,304.8,1980,2000,,,1980,2000,1980,2000
WINNIPEG HURST RESERVOIR,MANITOBA,502C2JM,3568,,,49.85,-97.18,495100000,-971100000,235.6,1989,1990,,,1989,1990,1989,1990
WINNIPEG MCPHILLIPS SLEDGE BEDS,MANITOBA,502CKBD,3567,,,49.82,-97.12,494900000,-970700000,288.6,1989,1992,,,1989,1992,1989,1992
CARMAN U OF M CS,MANITOBA,502I001,26857,71147,WNK,49.5,-98.03,492953200,-980147100,268.2,1995,2024,1995,2024,1995,2024,1996,2007
WINNIPEG PACIFIC AVENUE,MANITOBA,502I002,27170,,,49.92,-97.17,495500000,-971000000,234.7,1996,1999,,,1996,1999,1996,1999
STONEWALL,MANITOBA,502KGHG,6883,,,50.22,-97.32,501300000,-971900000,248.4,1992,1994,,,1992,1994,1992,1994
POPLAR POINT,MANITOBA,502KKNL,6884,,,50.05,-98.9,500300000,-985400000,245.4,1992,1996,,,1992,1996,1992,1996
WHITE HORSE PLAINS,MANITOBA,502LA48,3569,,,49.93,-97.6,495600000,-973600000,237.4,1988,1989,,,1988,1989,1988,1989
WINNIPEG SOUTH,MANITOBA,502M001,27230,,,49.78,-97.13,494700000,-970800000,232,1996,2005,,,1996,2005,1996,2005
WINNIPEG A CS,MANITOBA,502S001,27174,71849,XWG,49.92,-97.25,495500000,-971458000,238.7,1996,2024,2013,2024,1996,2024,1996,2007
ARBORG,MANITOBA,5030080,3717,,,50.93,-97.08,505600000,-970500000,224,1951,2016,,,1951,2016,1951,2007
ARNES,MANITOBA,5030109,10206,,WRE,50.8,-96.95,504800000,-965700000,221.1,1994,2000,1994,2000,,,,
BEAUSEJOUR,MANITOBA,5030155,3718,,,50.13,-96.22,500800000,-961300000,302.4,1959,1985,1959,1985,1960,1979,1960,1979
BEAUSEJOUR 2,MANITOBA,5030160,3719,,,50.03,-96.47,500200000,-962800000,251.2,1953,2005,,,1953,2005,1953,2005
BERENS RIVER,MANITOBA,5030200,3720,,,52.35,-97.03,522100000,-970200000,217.3,1905,1964,,,1905,1964,1905,1964
BERENS RIVER A,MANITOBA,5030201,53321,,YBV,52.36,-97.02,522132000,-970105000,222.2,2015,2024,2015,2024,,,,
BERENS RIVER A,MANITOBA,5030202,26964,,YBV,52.36,-97.02,522132000,-970106000,222.19,1995,2015,1995,2015,,,,
BERENS RIVER CS,MANITOBA,5030203,3721,71158,WCF,52.36,-97.02,522135052,-970119032,221.9,1985,2024,1985,2024,1985,2024,1985,2007
BERENS RIVER A,MANITOBA,5030204,53318,,YBV,52.36,-97.02,522132000,-970105000,222.2,2015,2024,2015,2024,2018,2024,,
BISSETT,MANITOBA,5030280,3722,,,50.97,-95.63,505800000,-953800000,,1933,1952,,,1933,1952,1933,1952
BISSETT,MANITOBA,5030282,3723,,,51.03,-95.7,510200000,-954200000,259,1968,1997,1968,1985,1968,1997,1968,1997
BRAINTREE 1,MANITOBA,5030334,3724,,,49.63,-95.57,493800000,-953400000,315.5,1983,1984,,,1983,1984,1983,1984
BRAINTREE 2,MANITOBA,5030335,3725,,,49.6,-95.62,493600000,-953700000,315.5,1983,1995,,,1983,1995,1983,1995
BROAD VALLEY,MANITOBA,5030510,3726,,,50.98,-97.47,505900000,-972800000,259.1,1970,1995,,,1970,1995,1970,1995
BROKENHEAD,MANITOBA,5030523,3727,,,50.27,-96.52,501600000,-963100000,228.6,1981,1984,,,1981,1984,1981,1984
CHANNEL ISLAND,MANITOBA,5030556,3728,,,52.3,-97.38,521800000,-972300000,216.4,1886,1904,,,1886,1904,1886,1904
CHATFIELD,MANITOBA,5030559,3729,,,50.82,-97.5,504900000,-973000000,265.8,1969,1995,,,1969,1995,1969,1995
ELMA,MANITOBA,5030869,3730,,,49.77,-95.93,494600000,-955600000,292.7,1978,1992,,,1978,1992,1978,1992
FALCON LAKE TCPL 45,MANITOBA,5030912,3731,,,49.68,-95.37,494100000,-952200000,338.3,1969,1997,,,1969,1997,1969,1997
FISHER BRANCH,MANITOBA,5030916,3732,,,51.1,-97.55,510600000,-973300000,246.9,1970,2005,,,1970,2005,1970,2005
FISHER BRANCH SOUTH,MANITOBA,5030917,3733,,,51.05,-97.53,510310030,-973142000,259.1,1977,2009,,,1977,2009,1977,2007
FRASERWOOD,MANITOBA,5030982,3734,,,50.63,-97.22,503800000,-971300000,256,1969,1989,,,1969,1989,1969,1989
GEORGE ISLAND,MANITOBA,5030983,3735,,,52.8,-97.63,524800000,-973800000,219.5,1965,1983,,,1965,1983,1966,1983
GEORGE ISLAND (AUT),MANITOBA,5030984,7333,71445,WWS,52.82,-97.62,524907014,-973659028,222.5,1994,2024,1994,2024,1994,2024,1998,2007
FISHER BRANCH (AUT),MANITOBA,50309J6,8993,71442,WSZ,51.08,-97.55,510500100,-973316200,253,1992,2024,1994,2024,1992,2024,1999,2007
GIMLI,MANITOBA,5031038,3736,,,50.63,-97.02,503800000,-970100000,222.8,1972,1991,1972,1991,1972,1991,1972,1991
GIMLI,MANITOBA,5031039,6892,,,50.63,-97.02,503800000,-970100000,222.8,1993,2008,,,1993,2008,1993,2007
GIMLI A,MANITOBA,5031040,3737,,,50.63,-97.05,503800000,-970300000,222.2,1944,1971,1953,1971,1944,1971,1944,1971
GIMLI HARBOUR CS,MANITOBA,5031041,27867,71577,XGH,50.63,-96.98,503752000,-965856000,217.02,1999,2024,1999,2024,1999,2024,2006,2006
GIMLI CLIMATE,MANITOBA,5031042,45007,71748,PGH,50.63,-97.05,503800000,-970300000,230.1,2006,2024,2006,2024,2006,2024,2007,2007
GIMLI WRB,MANITOBA,5031043,3738,,,50.62,-97.03,503700000,-970200000,221,1964,1964,,,1964,1964,1964,1964
GIMLI INDUSTRIAL PARK,MANITOBA,50310D0,10728,,YGM,50.63,-97.05,503800000,-970300000,230.1,1992,2010,1994,2010,1992,2010,1996,2007
GRAND BEACH PARK,MANITOBA,5031102,3739,,,50.55,-96.58,503300000,-963500000,225.6,1980,1980,,,1980,1980,1980,1980
GRAND RAPIDS,MANITOBA,5031110,3740,,,53.18,-99.27,531100000,-991600000,222.5,1960,1979,1970,1979,1960,1979,1960,1979
GRAND RAPIDS HYDRO,MANITOBA,5031111,3741,,,53.16,-99.28,530929001,-991700040,222.5,1966,2019,,,1966,2019,1966,2007
GREAT FALLS,MANITOBA,5031200,3742,,,50.47,-96,502800000,-960000000,248.7,1922,2003,,,1922,2003,1922,2002
GREAT FALLS CLIMATE,MANITOBA,5031201,43243,71570,PGF,50.52,-95.98,503120001,-955838000,253,2005,2024,2005,2024,2005,2024,2005,2007
HECLA ISLAND (AUT),MANITOBA,5031288,7291,,,51.17,-96.63,511000000,-963800000,230,1977,1985,1977,1985,,,,
HNAUSA,MANITOBA,5031298,3743,,,50.93,-97,505600000,-970000000,225.2,1973,1976,,,1973,1976,1973,1976
HODGSON,MANITOBA,5031300,3744,,,51.2,-97.58,511200000,-973500000,231,1960,1967,,,1960,1967,1961,1966
HODGSON 2,MANITOBA,5031301,3745,,,51.19,-97.47,511109900,-972754500,231.7,1966,2014,,,1966,2014,1966,2007
HODGSON 3,MANITOBA,5031310,52858,,,51.21,-97.57,511241090,-973405050,231.7,2014,2021,,,2014,2021,,
INDIAN BAY,MANITOBA,5031320,3746,,,49.62,-95.2,493726000,-951150000,326.7,1915,2024,,,1915,2024,1915,2007
INWOOD,MANITOBA,5031369,6951,,,50.5,-97.5,503000000,-973000000,276.5,1991,1992,,,1991,1992,1991,1992
LA BROQUERIE,MANITOBA,5031511,6893,,,49.48,-96.53,492900000,-963200000,290.2,1992,1996,,,1992,1996,1992,1996
LA BROQUERIE,MANITOBA,5031512,30621,,,49.48,-96.52,492844000,-963100027,289.9,2000,2004,,,2000,2004,2000,2004
MATHESON ISLAND,MANITOBA,5031700,3747,,,51.72,-96.9,514300000,-965400000,221,1963,1966,,,1963,1966,1963,1966
MOSS SPUR,MANITOBA,503196F,3748,,,49.98,-96.13,495900000,-960800000,283.8,1978,1987,,,1978,1987,1978,1987
NARCISSE,MANITOBA,5031991,3749,,,50.67,-97.65,504000000,-973900000,271.3,1982,2014,,,1982,2014,1982,2007
GRAND RAPIDS (AUT),MANITOBA,5031A10,7290,71858,WJD,53.19,-99.27,531111064,-991604098,222.5,1992,2024,1994,2024,1992,2024,1999,2007
PINAWA,MANITOBA,5032160,3750,,,50.22,-95.92,501300000,-955500000,259.1,1915,1951,,,1915,1951,1915,1951
PINAWA CANWARN,MANITOBA,5032161,43620,,,50.15,-95.89,500851000,-955325000,277.7,2005,2024,,,2005,2024,2005,2007
PINAWA WNRE,MANITOBA,5032162,3751,,,50.18,-96.06,501050000,-960330000,266.7,1963,2017,,,1963,2017,1963,2007
PINE DOCK,MANITOBA,5032163,3752,,,51.63,-96.8,513800000,-964800000,219.5,1966,1997,,,1966,1997,1966,1997
PINE FALLS,MANITOBA,5032164,3753,,,50.57,-96.22,503400000,-961300000,231,1959,1994,,,1959,1994,1959,1994
POINTE DU BOIS,MANITOBA,5032249,3754,,,50.3,-95.55,501800000,-953300000,300.2,1967,1972,,,1967,1972,1967,1972
RENNIE,MANITOBA,5032360,3755,,,49.85,-95.53,495100000,-953159000,323.1,1948,2024,,,1948,2024,1948,2007
RIVERTON,MANITOBA,5032443,3756,,,50.98,-96.98,505900000,-965900000,220.4,1967,1969,,,1967,1969,1967,1969
ROSS,MANITOBA,5032495,3757,,,49.77,-96.43,494600000,-962600000,274.3,1967,1977,,,1967,1977,1967,1977
STE GENEVIEVE,MANITOBA,5032560,3758,,,49.75,-96.6,494500000,-963600000,256,1950,1995,,,1950,1995,1950,1995
SEVEN SISTERS FALLS,MANITOBA,5032640,3759,,,50.12,-96.02,500700000,-960100000,266.7,1950,1970,,,1950,1970,1950,1970
SEVEN SISTERS OYES,MANITOBA,5032641,3760,,,50.1,-95.93,500600000,-955600000,274.3,1980,1980,,,1980,1980,1980,1980
SPRUCE TCPL 43,MANITOBA,5032764,3761,,,49.65,-96.17,493900000,-961000000,310.3,1969,1983,,,1969,1983,1969,1983
VICTORIA BEACH (AUT),MANITOBA,5032951,9035,71552,WII,50.7,-96.57,504200000,-963400000,220.1,1996,2024,1996,2024,1996,2024,1996,2006
NORTH JULIUS,MANITOBA,503B0MF,3714,,,50.07,-96.18,500400000,-961100000,290.2,1986,1992,,,1986,1992,1986,1992
OSTENFELD,MANITOBA,503B0NE,3715,,,49.82,-96.48,494900000,-962900000,274.3,1973,2005,,,1973,2005,1973,2005
PINAWA,MANITOBA,503B1ER,10186,71448,WEA,50.18,-96.06,501038020,-960353000,268,1992,2024,1994,2024,1992,2024,1996,2007
HODGSON 6N,MANITOBA,503JC00,3716,,,51.3,-97.57,511800000,-973400000,243.8,1972,1973,,,1972,1973,1972,1973
ALONSA,MANITOBA,5040037,3769,,,50.83,-99.05,505000000,-990300000,274.3,1980,2007,,,1980,2007,1980,2007
AMARANTH,MANITOBA,5040060,3770,,,50.63,-98.72,503800000,-984300000,259.1,1980,2004,,,1980,2004,1980,2004
ASHERN,MANITOBA,5040120,3771,,,51.13,-98.37,510800000,-982200000,263,1951,1991,,,1951,1991,1951,1991
ASHVILLE,MANITOBA,5040121,3772,,,51.28,-100.28,511700000,-1001700000,320,1973,1979,,,1973,1979,1973,1979
AUSTIN,MANITOBA,5040128,3773,,,49.9,-98.98,495400000,-985900000,327.7,1989,1995,,,1989,1995,1989,1995
BACHELORS ISLAND MARINE,MANITOBA,5040131,10882,71143,WBL,51.75,-99.9,514500000,-995400000,255.9,1994,2012,1994,2012,1994,2012,1996,2004
BASSWOOD,MANITOBA,5040146,6894,,,50.25,-100.03,501500000,-1000200000,582.8,1992,1996,,,1992,1996,1992,1996
BEAVER,MANITOBA,5040165,3774,,,50.02,-98.7,500100000,-984200000,262.7,1887,1907,,,1887,1907,1887,1907
BEAVER,MANITOBA,5040166,3775,,,50.05,-98.7,500300000,-984200000,268.2,1973,2024,,,1973,2024,1973,2007
BIG VALLEY,MANITOBA,5040214,3776,,,50.47,-99.45,502800000,-992700000,381,1977,1978,,,1977,1978,1977,1978
BIRCH RIVER,MANITOBA,5040218,3777,,,52.52,-100.92,523100000,-1005500000,267.92,1970,2000,,,1970,2000,1970,2000
BIRNIE,MANITOBA,5040230,3778,,,50.5,-99.48,503000000,-992900000,432.8,1979,1983,,,1979,1983,1979,1983
DAUPHIN,MANITOBA,5040675,3779,,,51.15,-100.03,510900000,-1000200000,291.7,1890,1997,,,1890,1997,1890,1997
DAUPHIN A,MANITOBA,5040680,3780,,PDH,51.1,-100.05,510600000,-1000300000,304.5,1942,2013,1953,2013,1942,2010,1942,2007
DAUPHIN CS,MANITOBA,5040681,26866,71550,WZT,51.1,-100.06,510601400,-1000324800,304.5,1995,2024,1995,2024,1995,2024,2000,2007
DAUPHIN NORTH,MANITOBA,5040684,3781,,,51.17,-100.03,511000000,-1000200000,289.6,1983,1985,,,1983,1985,1983,1985
DAUPHIN SOUTH,MANITOBA,5040687,3782,,,51.02,-100.07,510100000,-1000400000,374.9,1985,1987,,,1985,1987,1985,1987
DAUPHIN,MANITOBA,5040689,48868,71036,YDN,51.1,-100.05,510603000,-1000309000,304.5,2010,2024,2010,2024,2010,2024,,
DELTA MARSH CS,MANITOBA,5040764,3783,71563,ZUG,50.18,-98.38,501057500,-982256100,248.4,1967,2011,1997,2011,1967,2011,1967,2007
DELTA WATERFOWL RS,MANITOBA,5040765,3784,,,50.18,-98.3,501100000,-981800000,247.5,1965,1975,,,1965,1975,1965,1975
DUCK BAY,MANITOBA,5040789,5009,,,52.12,-100.2,520700000,-1001200000,253.8,1991,1994,,,1991,1994,1991,1994
DURBAN CDA EPF,MANITOBA,5040840,3785,,,51.93,-101.4,515600000,-1012400000,419.1,1954,1977,,,1954,1977,1954,1977
EDDYSTONE,MANITOBA,5040854,3786,,,51.08,-99.15,510500000,-990900000,262.1,1971,1971,,,1971,1971,1971,1971
ERIKSDALE,MANITOBA,5040895,3787,,,50.83,-98.23,505000000,-981400000,259.4,1959,1992,,,1959,1992,1959,1992
ERIKSDALE 1,MANITOBA,5040896,3788,,,50.87,-98.13,505200000,-980800000,268.2,1978,1988,,,1978,1988,1978,1988
ERIKSDALE 2,MANITOBA,5040897,3789,,,50.88,-98,505300000,-980000000,267.3,1962,1969,,,1962,1969,1962,1969
ETHELBERT,MANITOBA,5040899,3790,,,51.53,-100.38,513200000,-1002300000,343,1983,2009,,,1983,2009,1983,2006
FAIRFORD,MANITOBA,5040910,3791,,,51.58,-98.67,513500000,-984000000,253,1973,1975,,,1973,1975,1973,1975
FORK RIVER,MANITOBA,5040973,3792,,,51.52,-100.02,513100000,-1000100000,266.7,1982,2001,,,1982,2001,1982,2001
GILBERT PLAINS,MANITOBA,5040985,3793,,,51.1,-100.47,510600000,-1002800000,403.9,1934,2016,,,1934,2016,1934,2007
GILBERT PLAINS 2,MANITOBA,5040986,3794,,,51.17,-100.48,511000000,-1002900000,388.9,1980,1982,,,1980,1982,1980,1982
CAYER,MANITOBA,5040EN5,3765,,,51.25,-99.08,511500000,-990500000,259.1,1972,1981,,,1972,1981,1972,1981
COWAN,MANITOBA,5040FJ3,3766,,,52.03,-100.65,520200000,-1003900000,365.8,1984,2023,,,1984,2023,1984,2007
ASHERN NORTHWEST,MANITOBA,5040JK0,3767,,,51.2,-98.38,511200000,-982300000,266.7,1989,2001,,,1989,2001,1989,2001
FORK RIVER NORTH,MANITOBA,5040R73,3768,,,51.57,-99.98,513400000,-995900000,259.7,1982,2002,,,1982,2002,1982,2002
GLADSTONE,MANITOBA,5041049,3797,,,50.22,-98.95,501300000,-985700000,270.4,1990,1998,,,1990,1998,1990,1998
GLADSTONE,MANITOBA,5041050,3798,,,50.37,-98.97,502200000,-985800000,271.3,1961,1976,,,1961,1976,1961,1976
GLADSTONE SOUTH,MANITOBA,50410N0,3796,,,50.18,-99.02,501100000,-990100000,281.9,1973,1990,,,1973,1990,1973,1990
GRANDVIEW,MANITOBA,5041116,3799,,,51.12,-100.7,510700000,-1004200000,442,1977,2003,,,1977,2003,1977,2003
GRANDVIEW CDA EPF,MANITOBA,5041120,3800,,,51.18,-100.8,511100000,-1004800000,464.5,1951,1970,,,1951,1970,1951,1970
GRASS RIVER,MANITOBA,5041140,3801,,,50.52,-98.97,503100000,-985800000,269.7,1958,1997,,,1958,1997,1958,1997
GYPSUMVILLE,MANITOBA,5041229,3802,,,51.67,-98.73,514000000,-984400000,265.2,1966,1987,1966,1987,1966,1980,1966,1980
GYPSUMVILLE 2,MANITOBA,5041230,3803,,,51.73,-98.67,514400000,-984000000,260.3,1959,1966,,,1959,1966,1959,1966
GYPSUMVILLE EAST,MANITOBA,5041233,3804,,,51.73,-98.53,514400000,-983200000,246.9,1982,1982,,,1982,1982,1982,1982
GYPSUMVILLE OLENDER,MANITOBA,5041237,3805,,,51.77,-98.63,514600000,-983800000,252.1,1982,1984,,,1982,1984,1982,1984
KATRIME EXP ST,MANITOBA,5041400,3806,,,50.08,-98.68,500500000,-984100000,270.4,1951,1960,,,1951,1960,1951,1960
KELWOOD,MANITOBA,5041425,3807,,,50.62,-99.47,503700000,-992800000,352,1959,1993,,,1959,1993,1959,1993
KENVILLE EXP ST,MANITOBA,5041440,3808,,,52,-101.32,520000000,-1011900000,387.4,1951,1960,,,1951,1960,1951,1960
KERGWENAN,MANITOBA,5041450,3809,,,50.95,-99.53,505700000,-993200000,280.4,1982,1986,,,1982,1986,1982,1986
LAKE DAUPHIN,MANITOBA,5041523,3810,,,51.2,-99.55,511200000,-993300000,263.7,1984,1989,,,1984,1989,1984,1989
LAKELAND,MANITOBA,5041525,3811,,,50.27,-98.67,501600000,-984000000,256,1970,1975,,,1970,1975,1970,1975
LAKE MANITOBA NARROWS,MANITOBA,5041527,3812,,,51.08,-98.78,510500000,-984700000,251.5,1977,1978,,,1977,1978,1978,1978
LANGRUTH,MANITOBA,5041530,3813,,,50.4,-98.55,502400000,-983300000,250,1970,2001,,,1970,2001,1970,2001
LANGRUTH WEST,MANITOBA,5041535,31088,,,50.41,-98.8,502450000,-984810000,264.3,2001,2005,,,2001,2005,2001,2005
LENSWOOD EXP ST,MANITOBA,5041560,3814,,,52.53,-101,523200000,-1010000000,304.8,1951,1958,,,1951,1958,1951,1958
LUNDAR,MANITOBA,5041587,3815,,,50.75,-97.93,504500000,-975600000,266.7,1969,2000,,,1969,2000,1969,2000
LUNDAR 4SW,MANITOBA,5041588,3816,,,50.65,-98.1,503900000,-980600000,251.5,1970,1988,,,1970,1988,1970,1988
LUNDAR EAST,MANITOBA,5041589,30554,,,50.72,-97.85,504302000,-975115000,269.7,2000,2007,,,2000,2007,2000,2007
MACDONALD,MANITOBA,5041670,3817,,,50.17,-98.5,501000000,-983000000,249.9,1967,2008,,,1967,2008,1967,2007
MACGREGOR SOUTH,MANITOBA,5041680,31107,,,49.85,-98.83,495050000,-985000000,361.8,2001,2007,,,2001,2007,2001,2007
MACGREGOR,MANITOBA,5041683,3818,,,49.88,-98.82,495300000,-984900000,320,1969,1972,,,1969,1972,1969,1972
MACGREGOR,MANITOBA,5041684,3819,,,49.9,-98.7,495400000,-984200000,300.8,1973,1996,,,1973,1996,1973,1996
MAFEKING,MANITOBA,5041685,3820,,,52.67,-101.1,523959030,-1010552020,325,1983,2024,,,1983,2024,1983,2007
MAGNET,MANITOBA,5041686,3821,,,51.32,-99.48,511900000,-992900000,263.7,1982,2004,,,1982,2004,1982,2004
MCCREARY,MANITOBA,5041707,3822,,,50.73,-99.42,504400000,-992500000,297.2,1973,1994,,,1973,1994,1973,1994
MEADOW PORTAGE,MANITOBA,5041711,3823,,,51.72,-99.55,514300000,-993300000,249.6,1970,1988,,,1970,1988,1970,1988
MOOSEHORN,MANITOBA,5041800,3824,,,51.3,-98.62,511800000,-983700000,249.9,1910,1966,,,1910,1966,1910,1966
MOOSEHORN,MANITOBA,5041801,3825,,,51.28,-98.4,511700000,-982400000,269.1,1982,1984,,,1982,1984,1982,1984
MOOSEHORN COOK,MANITOBA,5041804,3826,,,51.28,-98.42,511700000,-982500000,265.2,1982,1993,,,1982,1993,1982,1993
MOUNTAIN GAP,MANITOBA,5041970,3827,,,51.13,-100.75,510800000,-1004500000,460.2,1977,1977,,,1977,1977,1977,1977
MULVILHILL,MANITOBA,5041973,6895,,,50.95,-98.2,505700000,-981200000,266.7,1991,1995,,,1991,1995,1991,1995
HILBRE,MANITOBA,5041B9B,3795,,,51.5,-98.6,513000000,-983600000,251.5,1982,1983,,,1982,1983,1982,1983
NEEPAWA A,MANITOBA,5042000,3829,,,50.23,-99.5,501400000,-993000000,388,1945,1962,,,1945,1962,1945,1962
NEEPAWA CSC,MANITOBA,5042003,3830,,,50.23,-99.47,501400000,-992800000,368.8,1962,1969,,,1962,1969,1962,1969
NEEPAWA MURRAY 6 SOUTHWEST,MANITOBA,5042004,3831,,,50.15,-99.57,500900000,-993400000,411.5,1986,2008,,,1986,2008,1986,2007
NEEPAWA WATER,MANITOBA,5042005,3832,,,50.22,-99.47,501300000,-992800000,358.1,1969,2008,,,1969,2008,1969,2007
OVERFLOWING RIVER,MANITOBA,5042058,3834,,,53.15,-101.1,530900000,-1010600000,257.9,1984,1993,,,1984,1993,1984,1993
OCHRE RIVER SOUTH,MANITOBA,504205E,3833,,,50.98,-99.78,505900000,-994700000,315.2,1979,1980,,,1979,1980,1979,1980
PAULSON,MANITOBA,5042062,3835,,,51.13,-99.83,510800000,-995000000,274,1945,1945,,,1945,1945,1945,1945
OCHRE RIVER,MANITOBA,50420E5,3828,,,51.07,-99.78,510400000,-994700000,280.4,1970,2005,,,1970,2005,1970,2005
PINE RIVER,MANITOBA,5042166,7314,,,51.8,-100.57,514800000,-1003400000,378,2001,2005,,,2001,2005,2001,2005
PINE RIVER,MANITOBA,5042167,3836,,,51.72,-100.32,514300000,-1001900000,312.4,1963,1967,,,1963,1967,1963,1967
PINE RIVER,MANITOBA,5042168,3837,,,51.77,-100.32,514600000,-1001900000,302.1,1970,1984,,,1970,1984,1970,1984
PINE RIVER,MANITOBA,5042169,3838,,,51.8,-100.57,514800000,-1003400000,378,1981,2002,,,1981,2002,1981,2002
PLUMAS,MANITOBA,5042240,3839,,,50.37,-99.08,502200000,-990500000,281,1951,1994,,,1951,1994,1951,1994
PLUMAS,MANITOBA,5042241,3840,,,50.42,-99.03,502500000,-990200000,275.8,1970,1988,,,1970,1988,1970,1988
RIDING MOUNTAIN PARK,MANITOBA,5042425,3841,,,50.7,-99.68,504200000,-994100000,756.2,1960,1983,,,1960,1983,1960,1983
RORKETON WEST,MANITOBA,5042485,3842,,,51.43,-99.73,512600000,-994400000,266.4,1982,2003,,,1982,2003,1982,2003
RUSSELL BARNARDO,MANITOBA,5042522,3843,,,50.98,-101.33,505900000,-1012000000,557.8,1895,1906,,,1895,1906,1895,1906
ST AMBROISE,MANITOBA,5042546,3844,,,50.23,-98.03,501400000,-980200000,251.5,1970,2004,,,1970,2004,1970,2004
ST LAURENT,MANITOBA,5042596,3845,,,50.42,-97.63,502500000,-973800000,266.7,1980,1982,,,1980,1982,1981,1982
STE ROSE,MANITOBA,5042610,3846,,,51.03,-99.38,510200000,-992300000,274.3,1975,2009,,,1975,2009,1975,2007
SIDNEY,MANITOBA,5042678,3847,,,49.9,-99.08,495400000,-990500000,373.4,1989,1990,,,1989,1990,1989,1990
STEEP ROCK,MANITOBA,5042774,3848,,,51.45,-98.8,512700000,-984800000,249.9,1960,2001,,,1960,2001,1960,2001
SWAN RIVER,MANITOBA,5042800,3849,,,52.05,-101.22,520300000,-1011300000,346.6,1904,2008,,,1904,2008,1904,2006
SWAN RIVER 2,MANITOBA,5042805,3850,,,51.98,-101.18,515900000,-1011100000,411.5,1967,1998,,,1967,1998,1967,1998
TOBARMORE,MANITOBA,5042927,3851,,,50.47,-99.45,502800000,-992700000,367.5,1986,1986,,,1986,1986,1986,1986
VOGAR,MANITOBA,5043020,3852,,,50.92,-98.75,505500000,-984500000,249.6,1966,2008,,,1966,2008,1966,2007
MCCREARY,MANITOBA,5043158,3853,71149,WOO,50.71,-99.53,504243001,-993148003,351,1971,2024,1997,2024,1971,2024,1971,2007
WINNIPEGOSIS,MANITOBA,5043225,3854,,,51.65,-99.93,513900000,-995600000,257.6,1982,2007,,,1982,2007,1982,2007
WINNIPEGOSIS SOUTH EAST,MANITOBA,5043226,3855,,,51.6,-99.88,513600000,-995300000,257.6,1982,1999,,,1982,1995,1982,1999
HILBRE SOUTH,MANITOBA,504AB92,3762,,,51.47,-98.57,512800000,-983400000,249.9,1982,1983,,,1982,1983,1982,1983
GYPSUMVILLE,MANITOBA,504AKCQ,3763,,,51.77,-98.63,514600000,-983800000,259.7,1985,1991,,,1985,1991,1985,1991
OAK POINT,MANITOBA,504B0NM,3764,,,50.5,-98.02,503000000,-980100000,250.2,1973,1992,,,1973,1992,1973,1992
OAKPOINT MARINE,MANITOBA,504K0NM,10881,71144,WOJ,50.5,-98.04,502958044,-980212030,249.6,1994,2024,1994,2024,1994,2024,1996,2007
SWAN RIVER RCS,MANITOBA,504K80K,10188,71443,WEQ,52.11,-101.23,520653900,-1011358500,334.8,1993,2024,1994,2024,1993,2024,1996,2007
CRANBERRY PORTAGE,MANITOBA,5050620,3856,,,54.62,-101.35,543700000,-1012100000,306,1957,1963,,,1957,1963,1957,1963
FLIN FLON,MANITOBA,5050919,10213,71954,WFO,54.68,-101.68,544100000,-1014100000,303.9,1994,2024,1994,2024,1996,2024,1996,2007
FLIN FLON,MANITOBA,5050920,3857,,,54.77,-101.88,544600000,-1015300000,320,1927,2024,,,1927,2024,1927,2007
FLIN FLON A,MANITOBA,5050960,3858,,YFO,54.68,-101.68,544100000,-1014100000,303.9,1954,2017,1954,2014,1968,2017,1968,2007
FLIN FLON A,MANITOBA,5050961,52578,,YFO,54.68,-101.68,544041000,-1014055000,304.2,2014,2024,2014,2024,,,,
FLIN FLON CFB,MANITOBA,5050970,3859,,,54.68,-101.97,544100000,-1015800000,304.8,1959,1971,,,1959,1971,1959,1971
FLIN FLON A,MANITOBA,5050973,52961,,YFO,54.68,-101.68,544041000,-1014055000,304.2,2014,2024,2014,2024,2018,2024,,
HUNTERS POINT MARINE,MANITOBA,5051311,10885,,WHH,53.03,-100.93,530139000,-1005605000,256.1,1994,2005,1994,2005,1994,2005,1996,2004
NAMEW LAKE,MANITOBA,5051986,3860,,,54.22,-101.78,541300000,-1014700000,290,1986,1991,,,1986,1991,1986,1991
PASQUIA PROJECT,MANITOBA,5052060,3862,,,53.72,-101.53,534300000,-1013200000,262.1,1956,2005,,,1956,2005,1956,2005
OONIKUP,MANITOBA,50520EE,3861,,,53.5,-101.33,533000000,-1012000000,,1889,1903,,,1889,1903,1889,1893
THE PAS,MANITOBA,5052864,3863,,,53.82,-101.25,534900000,-1011500000,271.3,1910,1969,,,1910,1969,1910,1969
THE PAS A,MANITOBA,5052880,3864,71867,YQD,53.97,-101.1,535800000,-1010600000,270.36,1943,2014,1953,2014,1943,2014,1943,2014
THE PAS A,MANITOBA,5052881,52438,,YQD,53.97,-101.09,535817000,-1010528000,270.6,2014,2018,2014,2018,2014,2018,,
THE PAS A,MANITOBA,5052882,54279,71867,YQD,53.97,-101.09,535817000,-1010528000,270.6,2016,2024,2016,2024,2018,2024,,
THE PAS CLIMATE,MANITOBA,5052890,43983,71695,PQD,53.97,-101.1,535800000,-1010600000,274,2005,2024,2005,2024,2005,2024,2007,2007
THE PAS CDA EPF,MANITOBA,5052896,3865,,,53.82,-101.25,534900000,-1011500000,271.3,1951,1964,,,1951,1964,1951,1964
WANLESS,MANITOBA,5053080,3866,,,54.18,-101.37,541100000,-1012200000,271.3,1935,1995,,,1935,1995,1935,1995
BIRD,MANITOBA,5060220,3869,,,56.5,-94.2,563000000,-941200000,86.9,1957,1963,1957,1963,1957,1963,1957,1963
BROCHET A,MANITOBA,5060520,3870,,,57.89,-101.68,575310400,-1014053200,346.3,1948,2009,1953,1979,1948,2009,1948,2007
BURNTWOOD RIVER,MANITOBA,5060531,29774,,,55.5,-99.22,553000000,-991300000,215,2000,2002,,,2000,2002,2000,2002
CHURCHILL A,MANITOBA,5060595,48969,71618,YYQ,58.74,-94.07,584421000,-940359000,29.3,2010,2024,2010,2024,2010,2024,,
CHURCHILL A,MANITOBA,5060600,3871,,YYQ,58.74,-94.07,584421000,-940359000,29.26,1943,2012,1953,2012,1943,2008,1943,2007
CHURCHILL AWOS,MANITOBA,5060601,47408,,,58.74,-94.06,584414000,-940326000,28.7,2008,2010,2008,2010,2008,2010,,
CHURCHILL MARINE,MANITOBA,5060602,3872,,,58.78,-94.18,584700000,-941100000,13.4,1929,1951,,,1929,1951,1929,1951
CHURCHILL A,MANITOBA,5060605,50148,71618,YYQ,58.74,-94.07,584421000,-940359000,29.3,2012,2024,2012,2024,2018,2024,,
CHURCHILL UA,MANITOBA,5060606,10745,71913,,58.73,-94.07,584400000,-940400000,28.5,2000,2015,,,2000,2015,2000,2007
CHURCHILL CLIMATE,MANITOBA,5060608,44244,71696,PYQ,58.73,-94.07,584400000,-940400000,28.5,2005,2024,2005,2024,2005,2024,2005,2007
CONLIN LAKE WABOWDEN,MANITOBA,5060613,3873,,,54.83,-98.67,545000000,-984000000,221,1977,1978,,,1977,1978,1977,1978
CROSS LAKE A,MANITOBA,5060621,3874,,,54.62,-97.77,543700000,-974600000,216.1,1987,2010,,,1987,2010,1987,2007
CROSS LAKE JENPEG 2,MANITOBA,5060622,54658,71106,PJP,54.54,-98.03,543223000,-980149000,218.8,2017,2024,2017,2024,2017,2024,,
CROSS LAKE JENPEG,MANITOBA,5060623,3875,,,54.54,-98.03,543223000,-980149000,218.8,1972,2018,2017,2018,1972,2017,1972,2007
JENPEG,MANITOBA,5060624,55364,73048,PJN,54.52,-98.04,543126000,-980229000,221,2023,2024,2023,2024,2023,2024,,
DENBEIGH POINT,MANITOBA,5060766,3876,,,55.4,-99.78,552400000,-994700000,256,1990,1990,,,1990,1990,1990,1990
GILLAM,MANITOBA,5060999,10217,73087,WGX,56.36,-94.7,562132028,-944215024,145.3,1994,2024,1994,2024,1996,2024,1996,2007
GILLAM,MANITOBA,5061000,3877,,,56.35,-94.7,562100000,-944200000,138.4,1943,1964,1953,1961,1943,1964,1943,1964
GILLAM A,MANITOBA,5061001,3878,71912,YGX,56.36,-94.71,562127000,-944238000,145.1,1970,2014,1970,2014,1970,2014,1970,2014
GILLAM A,MANITOBA,5061022,52758,71912,YGX,56.36,-94.71,562128000,-944239000,145.1,2014,2024,2014,2024,2014,2024,,
GILLAM A,MANITOBA,5061025,53698,,YGX,56.36,-94.71,562128000,-944239000,145.1,2015,2023,2015,2023,2018,2023,,
GODS LAKE NARROWS A,MANITOBA,5061067,3879,,,54.55,-94.48,543300000,-942900000,189,1985,2002,,,1985,2002,1985,2002
ISLAND LAKE A,MANITOBA,5061374,54278,71145,YIV,53.86,-94.65,535126000,-943913000,235.3,2016,2024,2016,2024,2018,2024,,
ISLAND LAKE A,MANITOBA,5061375,53398,,YIV,53.86,-94.65,535126000,-943913000,235.3,2015,2021,2015,2021,2015,2021,,
ISLAND LAKE A,MANITOBA,5061376,3880,71145,YIV,53.85,-94.65,535100000,-943900000,235.6,1970,2015,1970,2015,1970,2015,1970,2015
ISLAND LAKE (AUT),MANITOBA,5061377,7327,,,53.87,-94.67,535200000,-944000000,239.3,1979,1986,1979,1986,,,,
ISLAND LAKE AIRPORT,MANITOBA,5061378,55366,73100,PIV,53.86,-94.65,535122000,-943915000,234,2023,2024,2023,2024,2023,2024,,
KELSEY DAM CS,MANITOBA,5061422,29533,71572,ZKD,56.04,-96.51,560215000,-963035000,182.9,2000,2024,2000,2024,2000,2024,2000,2007
KELSEY HYDRO,MANITOBA,5061423,3881,,,56.03,-96.53,560200000,-963200000,182.9,1983,1995,,,1983,1995,1983,1995
KETTLE GS,MANITOBA,5061460,3882,,,56.38,-94.65,562300000,-943900000,145.4,1966,1973,,,1966,1973,1966,1973
LAURIE RIVER POWER SITE,MANITOBA,5061540,3883,,,56.23,-100.98,561400000,-1005900000,304.8,1960,1970,,,1960,1970,1960,1970
LEAF RAPIDS,MANITOBA,5061550,6896,,,56.47,-100.02,562800000,-1000100000,282,1991,1996,,,1991,1996,1991,1996
LIMESTONE GS,MANITOBA,5061567,3884,,,56.5,-94.18,563000000,-941100000,88.4,1985,1992,,,1985,1992,1985,1992
LITTLE BEAVER RIVER,MANITOBA,5061575,29793,,,57.65,-95.67,573900000,-954000000,245,2000,2004,,,2000,2004,2000,2001
LONG SPRUCE GEN STN,MANITOBA,5061581,3885,,,56.38,-94.37,562300000,-942200000,105.2,1974,1979,,,1974,1979,1976,1979
LYNN LAKE,MANITOBA,5061640,3886,,,56.85,-101.03,565100000,-1010200000,339.9,1952,1967,,,1952,1967,1952,1967
LYNN LAKE,MANITOBA,5061645,48588,71078,YYL,56.86,-101.08,565150000,-1010434000,356.6,2010,2024,2010,2024,2010,2024,,
LYNN LAKE A,MANITOBA,5061646,3887,,,56.86,-101.08,565150000,-1010434000,356.6,1959,2005,1959,2005,1968,2005,1968,2005
LYNN LAKE,MANITOBA,5061648,44085,,PNK,56.86,-101.08,565150000,-1010434000,356.6,2005,2014,2005,2010,2005,2014,2005,2007
LYNN LAKE RCS,MANITOBA,5061649,48728,71632,PLE,56.85,-101.07,565100420,-1010400005,354.2,2010,2024,2010,2024,2010,2024,,
MISSI,MANITOBA,5061765,29794,,,57.32,-98.17,571900000,-981000000,265,2000,2007,,,2000,2007,2000,2007
MISSI FALLS,MANITOBA,5061766,3888,,,57.32,-98.1,571900000,-980600000,266.7,1973,1976,,,1973,1976,1973,1976
MOAK LAKE,MANITOBA,5061770,3889,,,55.92,-97.58,555500000,-973500000,196,1980,1983,,,1980,1983,1980,1983
NORWAY HOUSE,MANITOBA,5062040,48951,71410,YNE,53.96,-97.84,535730000,-975039000,223.7,2010,2024,2010,2024,2010,2024,,
NORWAY HOUSE,MANITOBA,5062045,44083,,,53.97,-97.85,535800000,-975100000,223.7,2005,2010,2005,2010,2005,2010,2005,2007
NORWAY HOUSE,MANITOBA,5062047,3890,,,53.98,-97.83,535900000,-975000000,217,1884,1968,,,1884,1968,1896,1968
NOTIGI,MANITOBA,5062049,3891,,,55.9,-99.37,555400000,-992200000,262.1,1973,1975,,,1973,1975,1973,1975
OXFORD HOUSE A,MANITOBA,5062059,3892,,,54.77,-95.27,544600000,-951600000,204.8,1985,1985,,,1985,1985,1985,1985
PICKEREL NARROWS,MANITOBA,5062075,3893,,,56.22,-100.58,561300000,-1003500000,265.2,1963,1978,,,1963,1978,1963,1978
PIKWITONEI A,MANITOBA,5062111,3894,,,55.58,-97.17,553500000,-971000000,192,1987,1995,,,1987,1995,1987,1995
PONTON,MANITOBA,5062251,3895,,,54.67,-99.17,544000000,-991000000,259.1,1981,1981,,,1981,1981,1981,1981
PORT NELSON,MANITOBA,5062327,3896,,,57,-92.85,570000000,-925100000,14.9,1915,1934,,,1915,1934,1915,1929
RAT RIVER,MANITOBA,5062336,29795,,,56.13,-99.48,560800000,-992900000,250,2000,2001,,,2000,2001,2000,2001
RED SUCKER LAKE A,MANITOBA,5062337,3897,,,54.17,-93.55,541000000,-933300000,227.56,1985,1989,,,1985,1989,1985,1987
REINDEER LAKE,MANITOBA,5062350,29796,,,57.88,-101.67,575300000,-1014000000,225,2000,2001,,,2000,2001,2000,2001
RUTTAN LAKE,MANITOBA,5062528,3898,,,56.62,-99.62,563700000,-993700000,304.8,1971,1972,,,1971,1972,1971,1972
RUTTAN LAKE,MANITOBA,5062529,3899,,,56.48,-99.65,562900000,-993900000,288.6,1973,1991,,,1973,1991,1973,1991
SHAMATTAWA A,MANITOBA,5062656,3900,,,55.87,-92.08,555200000,-920500000,89.9,1985,1985,,,1985,1985,,
SNOW LAKE,MANITOBA,5062706,3901,,,54.88,-100.03,545300000,-1000200000,295.7,1983,1998,,,1983,1998,1983,1998
SNOW LAKE ANDERSON BAY,MANITOBA,5062707,27870,,,54.82,-99.95,544900000,-995700000,259,1999,2000,,,1999,2000,1999,2000
SOUTH BAY,MANITOBA,5062730,3902,,,56.67,-99,564000000,-990000000,282.9,1973,1976,,,1973,1976,1973,1976
SOUTH INDIAN LAKE,MANITOBA,5062734,3903,,,56.78,-98.97,564700000,-985800000,259.1,1976,1989,,,1976,1989,1976,1989
SOUTH INDIAN LAKE AIRPORT,MANITOBA,5062736,3904,,,56.8,-98.9,564800000,-985400000,289,1989,1998,,,1989,1998,1989,1998
SPLIT LAKE,MANITOBA,5062751,29797,,,56.25,-96.1,561500000,-960600000,60,2000,2000,,,2000,2000,2000,2000
TADOULE LAKE,MANITOBA,5062835,48972,71272,YBQ,58.71,-98.51,584222000,-983044000,281.3,2011,2024,2011,2024,2011,2024,,
TADOULE LAKE CS,MANITOBA,5062840,30475,71334,XBQ,58.72,-98.5,584257000,-983006000,262.01,2000,2024,2000,2024,2000,2024,2000,2007
THOMPSON AIRPORT,MANITOBA,5062918,55138,73072,PTO,55.8,-97.88,554756000,-975236000,214,2020,2024,2020,2024,2020,2024,,
THOMPSON A,MANITOBA,5062921,53118,71079,YTH,55.8,-97.86,554817000,-975145000,224,2013,2024,2014,2024,2013,2024,,
THOMPSON A,MANITOBA,5062922,3905,71079,YTH,55.8,-97.86,554812000,-975145000,224.03,1967,2014,1967,2014,1967,2014,1967,2007
THOMPSON NRC,MANITOBA,5062923,3906,,,55.73,-97.85,554400000,-975100000,212.8,1966,1969,,,1966,1969,1966,1969
THOMPSON SOUTH,MANITOBA,5062925,3907,,,55.73,-97.85,554400000,-975100000,199.9,1979,1979,,,1979,1979,1979,1979
THOMPSON ZOO,MANITOBA,5062926,3908,,,55.75,-97.87,554507062,-975158068,205.7,1990,2013,,,1990,2013,1990,2007
WABOWDEN,MANITOBA,5063040,3909,,,54.92,-98.63,545500000,-983800000,232.9,1943,1971,1953,1971,1943,1971,1943,1971
WABOWDEN,MANITOBA,5063041,3910,,,54.92,-98.65,545500000,-983900000,231.6,1982,2001,,,1982,2001,1982,2001
WABOWDEN 2,MANITOBA,5063044,31169,,,54.93,-98.66,545538800,-983937500,231.6,2001,2008,,,2001,2008,2001,2007
WALKER LAKE,MANITOBA,5063075,29553,,,54.78,-97,544700000,-970000000,200,1999,2007,,,1999,2007,1999,2007
WASKWATIM LAKE,MANITOBA,5063121,29555,,,55.55,-98.6,553300000,-983600000,260,1999,2007,,,1999,2007,2000,2006
WHISKEY JACK,MANITOBA,5063148,3911,,,54.43,-98.02,542600000,-980100000,221,1971,1972,,,1971,1972,1971,1972
YORK FACTORY,MANITOBA,5063350,3912,,,57,-92.3,570000000,-921800000,6,1874,2007,,,1874,2007,1874,2007
NORWAY HOUSE A,MANITOBA,506B047,3868,,,53.95,-97.85,535700000,-975100000,223.7,1973,2005,1973,2005,1973,2005,1973,2005
NORWAY HOUSE FORESTRY,MANITOBA,506B0M7,3867,,,54,-97.8,540000000,-974800000,217,1970,2000,,,1970,2000,1970,2000
